MUNICÍPIO,UNIDADE,ENDEREÇO,BAIRRO,TELEFONE
ADOLFO,Centro de Saúde de Adolfo,RUA MANOEL CARLOS FIGUEIREDO FERRAZ 798,CENTRO,(17) 3814-1295
ÁGUAS DA PRATA,Unidade Integrada de Saúde LEOPOLDO DE ARAUJO A PRATA,Rua: LAZARO ANSELMO RAMOS 200,AGUAS DA PRATA JD,(19) 3642-1303
ÁGUAS DE LINDÓIA,CAPS I -Dr. Firmino Cavenaghi,Rua Araci Bocault Tortelli 215,Villete Jd,(19) 3824-2420
ALFREDO MARCONDES,UNIDADE BASICA DE SAUDE III DE ALFREDO MARCONDES,Rua Das Americas 558,CENTRO,(18) 3266-1132
ALTAIR,ESF João Gonçalves,Rua Joaquim Nicesio Pereira 167,Residencial Santa Ma,(17) 38891158
ALVARES MACHADO,UBS II Alvares Machado,RUA MONSENHOR NAKAMURA 140,CENTRO,(18) 3273-4000
ÁLVARO DE CARVALHO,CS de Álvaro de Carvalho,RUA JOAQUIM BRONZE MENDES 55,CENTRO,(14) 3484-1147
ALVILÂNDIA,CS III DR Galeno Americano do Brasil,Rua Amadeu Crippa 428,SÃO RAFAEL JD,(14) 3473-1131
AMERICANA,CAPS AD NOVA VIDA,Av. de Cillo 492,Vila Pava,(19) 3405-7595
AMERICANA,CAPS Arte & Vida,R. Anhanguera 40,PAVAN VL,(19) 3461-3363
AMERICANA,UBS 06 - Dr. Carlos Chagas - Jd Ipiranga,RUA ITAMBE 236,Ipiranga JD,(19)3407-5230
AMÉRICO BRASILIENSE,Hosp Nestor Goulart Reis,Alameda Aldo Lupo 1620,CENTRO,(16) 3392-1914
AMÉRICO BRASILIENSE,Hospital Estadual Americo Brasiliense /AME,Alameda Aldo Lupo1260,Cohab,(16) 3393-7800 RAM 8026
AMÉRICO BRASILIENSE,UBS Dr. Cássio de Moraes Alves,Avenida Catanduva 350,Cohab,(16)3392-1121
AMPARO,USF América,Rua Venezuela 160,AMERICA JD,(19) 3807-2085
"AMPARO,USF Arcadas,""Rua Pedro Alves da Silva 62 "",Arcadas,(19)38071369"
AMPARO,USF Centro Pinheirinho,Rua Jofre Vieira Da Rocha 350,SÃO JOSÉ PQ,(19) 3807-4575
AMPARO,USF do Jardim Brasil,Av São Paulo 391,BRASIL JD,(19) 3807-4119
AMPARO,USF São Dimas,R. Afonso Geremias 291,Conj. Hab. Alberto Marques,(19) 3807-2071
AMPARO,USF Tres Pontes,Praca Nelson José Urbano S/N,TRES PONTES,(19)3807-6394
AMPARO,Unidade de Saúde da Familia Silvestre,Sebastião de Oliveira 167,JARDIM SILVESTRE II,(19) 3808-3885
ANDRADINA,CAPS AD ANDRADINA,Av. Bandeirantes 1447,CENTRO,(18) 3723-7287
ANDRADINA,CAPS I ANDRADINA,Av Bandeirantes 1427,CENTRO,(18) 3722-8621
ANDRADINA,UBS Dr Nelson Rodrigues Martinho - CAMO MINEIRA,RUA IGUASSU 1195 STELLA MARIS,STELLA MARIS,tel (18)3722-6813
APARECIDA D'OESTE,CS DE APARECIDA DOESTE,RUA Manoel Assumpção Vieira 428,CENTRO,(17) 3635-1174
APIAÍ,CENTRO DE SAUDE ABRAAO COUTINHO VIEIRA,RUA PRIMEIRO DE MAIO 994,CENTRO,(15) 3552-2650
ARAÇARIGUAMA,CS Municipal de Araçariguama,Alameda 19 De Maio,CENTRO,(11) 4136-3799
"ARAÇATUBA,CENTRO ESPECIALIZADO EM ATENCAO PSICOSSOCIAL CEAPS,""Rua Bahia  472 "",Mendonça Vl,(18) 3621-9327/(18) 3624-5565"
ARAÇATUBA,UBS Wanderley Vuolo Jardim TV,Av Prestes Maia,Planalto,(18) 3608-1080
ARAÇATUBA,UBS DR ALFREDO DANTAS DE SOUZA UMUARAMA,Rua dos Fundadores 3048,Umuarama,(18) 3608-5165
"ARAMINA,UBS ""Natal Abadio de Lacerda"",Rua Afonso Garcia da Silveira nº861,CENTRO,(16)3752-7030"
ARARAQUARA,PSF Bueno de Andrada,Av Adaides Fernandes,CENTRO,(16 ) 3335-3320
ARARAQUARA,PSF Jd Brasil,Av Alagoas 245,Jardim Silvânia,(16) 3337-9512
ARARAQUARA,Serviço Especial de Saúde Araraquara,R. Itália 1617,CENTRO,(16) 3334-6000
ARARAQUARA,USF Jd Pinheiros,Av Nossa Senhora Aparecida,Pinheiros  Pq,(16)3337-4517
ARARAQUARA,USF Pq das Laranjeiras Dr. Wilson Antunes Pereira,Avenida Rômulo Lupo 750,- Parque das Laranjeiras Araraquara,(16) 3335-9893
ARARAQUARA,USF Vale do Sol Dr. Euclydes Crocci,Av. Carlos de Angeli 350,Res. Vale do Sol Pq,(16) 3331-1530
ARARAQUARA,ESTRATEGIA DE SAUDE DA FAMILIA,FAZENDA MONTE ALEGRE ASSENTAMENTO I,RURAL,(16) 3348-9400
ARARAS,ESF DR EDMUNDO ULSON ARARAS,RUA ANGELO FRANCATO 393,PARQUE TIRADENTES,(19)3544-5232
ARARAS,CAPS AD ARCEU SCANAVINI ARARAS,AV WASHINGTON LUIZ 545,CENTRO,(19) 3542-4137
AREALVA,PSF II - Dr Amelio Tanganelli,Rua Jacinto R de Barros,CENTRO,(14) 3296-1359
AREIAS,UBS Areias,AV PREF BENEDITO DE OLIVEIRA RAMOS 62 CENTRO,CENTRO,(12) 3107-1157
ARIRANHA,ESF NEUSA DEL BUSSO,RUA SEBASTIANA DE FREITAS TOZZO 176,CATHARINA GALBIATI JD,NÃO POSSUI
ARTUR NOGUEIRA,USF Trabalhadores,Rua Augusto Mengue s/n,TRABALHADORES PQ DOS,(19) 3827-9130
ASSIS,Ambulatório de Especialidades de Assis,Rua Mal Deodoro 456,CENTRO,18-33024144
ASSIS,HOSPITAL REGIONAL DE ASSIS,Praça Dr SYMPHRONIO ALVES DOS SANTOS S/N,CENTRO,(18) 3302-6000
ATIBAIA,UBS Antonio de Padua Alonso - Posto do Alvinopolis Novo Atibaia,R. Padre Felíciano Grande 480,Alvinópolis,(11): 4414-1350
ATIBAIA,UNIDADE DE SAUDE SANTA CLARA - Posto de Saude do Caetetuba Atibaia,AV PROFESSOR FLAVIO PIRES DE CAMARGO 1200,CAETETUBA,4418-2059
ATIBAIA,UBS Sumico Ono - (Velho Atibaia),Praça Santo Antônio 110,Alvinópolis,(11) 4418-2077 / 2070
ATIBAIA,UBS Tanque,Estr. Velha de Bragança Paulista 2.450,Tanque,4416-1337
ATIBAIA,USF Cachoeira,Estr. da Cachoeira s/n,Cachoeira,
ATIBAIA,USF Carmelina Silveira Cintra,Estr. da Boa Vista s/n – Centro Rural,Centro Rural,4494-8170
ATIBAIA,USF do Cerejeiras,R. Washington Luis 180,Cerejeiras Jd,4418-2065
ATIBAIA,USF Jardim Imperial,R MARACANA s/n JARDIM IMPERIAL,Jardim Imperial,(11)4413-0221
ATIBAIA,USF Maracanã,R. Joaquim Cintra Sobrinho s/n,Maracanã,4415-1282
ATIBAIA,USF Rio Abaixo,Fazenda Santa Izabel s/n,Rio Abaixo,4416-4811
ATIBAIA,Centro de Atencao Psicossocial CAPS,Rua Deputadp Emilio Justo280,Vila Nova Aclimação,(11) 4412-6306
ATIBAIA,UNIDADE DE SAUDE DA FAMLIA ITAPETINGA,RUA GERANIOS 25,ITAPETINGA,(11) 4412-3919
ATIBAIA,UBS ANA CECILIA BATISTA DE SA,Rua Ouro Preto 700,Jardim  Jd,(11) 4411-6871
ATIBAIA,Centro de Atencao Psicossocial CAPS,Rua Deputadp Emilio Justo280,Nova Aclimação Vl,(11) 4412-6306
ATIBAIA,USF MAJUCA MACEDO,RUA ANTONIO DA CUNHA LEITE S/N,PORTÃO,(11) 4416-3004
ATIBAIA,UBS OSWALDO PACCINI,RUA CASTRO FAFE 201,CENTRO,(11) 4414-6500
AURIFLAMA,UBS DE AURIFLAMA,RUA ALFREDO DAINESI 5951,CENTRO,(17 )3482-9860 / 3482-1377
"AVARÉ,USF II ""Dr Fernando Hirata"",R: Mazzoni Negrao,Duilio Gambini,(14) 3731-2121"
BADY BASSITT,ESF Ana Maria Nardim Pereira,Rua José Lourenço s/n,São Lourenco,3818-5020
BARBOSA,CENTRO DE SAUDE DE BARBOSA,AV DONA RICARDINA,CENTRO,(18) 3655-1408
BARRA BONITA,Centro de Saúde II,R. Antônio Franco Pompéu 302,Vila Narcisa,(14) 3641-0225
BARRETOS,Ambulatório de Doenças Infecto Contagiosas,RUA 34 1557(Avenida 19),CENTRO,(17) 3325-4982
"BARRETOS,Hosp. Do Câncer de Barretos - Fundação Pio XI,""Rua Antenor Duarte Villela 1331 "",CENTRO,(17) 3321-6600"
BARRETOS,UBS Alberto Moreira,s/n° distrito Rua Seis,DIST ALBERTO MOREIRA,(17) 33291107
BARRETOS,UBS do Ibitu,Av Jorge Tibirica s/n,Distrito De Ibitu,(17)33265002
BARRETOS,UBS Dr Ally Alahmar,Av Cecap I s/n,BENEDITO REALINO COR,(17) 33221055
BARRETOS,UBS Dr Apolonio de Moraes e Souza,Rua L6 s/n,Los Angeles,(17) 33241477
BARRETOS,UBS Dr Arquimedes Machado,Rua Joaquim Inácio Pimenta 1010,Pimenta,(17) 33245133
BARRETOS,UBS Dr Milton Baroni,Av Sacadura Cabral s/n,Aeroporto,(17) 33245131
BARRETOS,UNIDADE BASICA DR JOSE PARASSU CARVALHO,Av Ibirapuera 3168,Ibirapuera,(17) 33244233
BARRETOS,UBS Dr Paulo Prata,Rua C-20 nº 478,- Cristiano Carvalho -,(17) 33252677
BARRETOS,UBS Dr Sergio Pimenta,Av. 53 1205 CEP: 14087-470,Marília,(17) 33252830
BARRETOS,UBS Dr Wilson Haek Saigh,Al Dep Eloy Chaves s/n,Cecap I,(17)33242426
BARRETOS,UBS Loftallah Miziara,R. João Luís da Silva 549,Zequinha Amêndola,Tel: (17)33224754
BARRETOS,USF Dr Francolino Galvao de Souza,R Sf 6 1156,São Francisco,(17) 3322-5145
BARRETOS,USF Nova Barretos,Alameda Líbano 1050,City Barretos,(17)33257233
BARRETOS,USF Luiz Spina,Rua João Jacinto da Silva 1150,Soares Jd,(17) 3323-4356
BASTOS,Centro de Saude II DR Irineu Buller de Almeida,Rua Dezoito de Junho nº461,Alto Cafezal,(14) 3478-1059
BARRETOS,DR BARTOLOMEU MARAGLIANO VENERE,Rua 1º DE MAIO S/N,DERBY CLUB,(17) 3324-2060
BATATAIS,ESF III DE BATATAIS,Prc Santa Luzia S/N,Vila Santa Luzia Batatais,(16) 3662-8642
BATATAIS,UBS CECAP II DR LUIS CANDIDO ALVES DE BATATAIS,Praça Aristides Nogueira Braga S/N,Altino Arantes,(16) 3662-1422
BAURU,Serviço de Orientação e Prevenção do Câncer - SOPC,Rua Manoel Bento Cruz 11-26,Centro,(14) 3218-9086 / (14) 3223-1576
BAURU,CAPS AD III INFANTO-JUVENIL,RUA AZARIAS LEITE 1328,CENTRO,(14)3222-3937
BAURU,CENTRO DE ATENÇÃO PSICOSSOCIAL CAPS AD,RUA DR LISBOA JUNIOR 266 -,CENTRO,(14)3227-3287
BEBEDOURO,E S F DR SALIM BONEMER FILHO,Rua José Bergantini 247,Jardim Laranjeiras,(17) 3343 94 34
BEBEDOURO,ESF Dr Pedro Marinho de Mello Junior,RUA OSWALDO GARRIDO,RES CENTENARIO,Tel: (17) 3345-3679
BEBEDOURO,ESF 6 - Jd Claudia II,R Elias Nemers/nº,Res Rassim Dibe- Bebedouro,Tel: (17) 3343-9435
BEBEDOURO,E S F DR OSWALDO DAMIAN DE OLIVEIRA,RUA DAS PASSIONISTAS 463,PRQ RES SANTO ANTO,(17) 3343-5116
BEBEDOURO,ESF Dr Gerolino José de Souza,Rua Jose Bergantini,Jardim Laranjeiras,(17)3343-9434
BEBEDOURO,ESF Dr João Cambauva,RUA ANTONIO PAGANELLI 129,JD AEROPORTO,(17) 3343-7714
BEBEDOURO,ESF Dr João Carlos Galhardo,Rua Antônio Gomes  1135,Res União,(17) 3343-1902
BEBEDOURO,ESF Dr José Caui Campello Bessa,Alameda Canavieiras s/n,Residencial Rassim Dibe,(17)3343-9435
BEBEDOURO,ESF Dr José Mauro Neto,R Palmares,Jardim Três Marias,(17) 3342-8018
BEBEDOURO,ESF Dr Mauro Burjaili,Rua Nagib Miguel Burjaili s/n,Distrito de Botafogo,Tel: (17) 3342 62 97
"BEBEDOURO,ESF Dr Ulisses de Carvalho,"" Rua Augusto Carvalho  260 "",Jd Alvorada,(17) 3342-4267"
BERNARDINO DE CAMPOS,CS II Bernardino de Campos,R Agenor Camargo de Lima 11,Centro,(14) 3346-1164
BILAC,UBS Bilac,R VICENTE FELICIO PRIMO 384,CENTRO,(18)3659-1239
BIRIGUI,AMBULATORIO DE SAUDE MENTAL DR ARTUR CORDEIRO,Avenida João Cernach 2360,Centro,(018)3642-6077
BIRIGUI,UBS II MARIA LORENZETTI BRAIDOTTI TOSELAR BIRIGUI,RUA DR LUIZ TOLEDO PIZA SOBRINHO N° 574,RESIDENCIAL ALVORADA,(18) 3644-6652
BIRIGUI,UBS V LUIZ SALMERON LOPES SANTO ANTONIO BIRIGUI,RUA ITORORO N° 210,JARDIM ICARAY,(18) 3642-3060
BIRIGUI,UBS VI ANGELO MASTELARO TIJUCA BIRIGUI,RUA JOÃO DE SOUZA SUZANO N° 116,TIJUCA,(18) 3644-6447
BIRIGUI,UBS IV ESPERANCA RODRIGUES DE OLIVEIRA COSTA RICA,RUA BRAZ SANCHES ARRIAGA N° 1448,JARDIM COSTA RICA,(18) 3644-9009
BOITUVA,POLICLINICA MUNICIPAL DR BENEDITO ALVES DE LIMA NETO,RUA JOÃO MARCON 275,CENTRO,(15) 3363-1195
BOA ESPERANÇA DO SUL,USF VISTA VERDE BOA ESPERANCA DO SUL,RUA DOS MESSI 793,JARDIM VISTA VERDE,(16) 3326-4027
BOM JESUS DOS PERDÕES,Unidade Mista de Saúde Dr. José Orlando Siqueira Borgatto,R. Doná Bárbara Cardoso 20,CENTRO,(11) 4012-1053
BORÁ,CENTRO DE SAUDE DE BORA,Rua João Merci 150,CENTRO,(18) 3367-1114
BORBOREMA,ESF Vila Hermes,Rua Octavio Luis Torres 04,Vila Hermes,(16) 3266-1069
"BOTUCATU,Hosp. Das Clinicas de Botucatu,""Av. Professor Mário Rubens Guimarães Montenegro s/n (UNESP Campus-Botucatu) "",UNESP Campus-Botucatu,(14) 3811-6000"
BOTUCATU,UBS Edmundo de Oliveira,Rua Rafael Sampaio 58,Boa Vista,(14) 3814-2022
BRAGANCA PAULISTA,CAPS AD,AV JUSCELINO K DE OLIVEIRA,MATADOURO,(11) 4035-5040
BRAGANCA PAULISTA,UBS SANTA LUZIA,RUA JULIETA LEME DE SIQUEIRA,SANTA LUZIA,4034-5031
BRAGANCA PAULISTA,EACS Dr. Pedro Megale,Avenida Roberto Simonsen 71,Vila Garcia,4034-5033
"BRAGANCA PAULISTA,ESF ""Dr Celio Gayer"",Rua Pedro Cioban 23,Planejada I,4031-4192"
"BRAGANCA PAULISTA,ESF ""Dr Ernesto Porto de Almeida"",Rua Máximo Bertolini 75,Jardim São Miguel,4034-5026"
"BRAGANCA PAULISTA,ESF ""Dr. José Ribeiro Parente"",Rua Antonio Luppe 209,Jardim Iguatemi,4033-0982"
BRAGANCA PAULISTA,ESF HIPICA JAGUARI,RUA SANTI JOANNI BAPTISTA 200,RES HIPICA JAGUARI,(11)4031-5030
BRAGANCA PAULISTA,ESF Vila Bianchi,Praça Conego Francisco Claro De Assis,Vila Bianchi,(11) 4035-4871
BRAGANCA PAULISTA,PSF Vila Davi I,Rua Sebastiao Cicero Franco 319,Vila David,(11) 4034-1136
BRAGANCA PAULISTA,Unidade Estrategica de Agentes Comunitario de Saude - Dr. Roberto Olivalves,Rua Valéria Lima Rodrigues 114,Vila Batista,4033-8331
BRAGANCA PAULISTA,UBS VILA APARECIDA,RUA ANTONIO DE LIMA 365,JARDIM COMENDADOR CA,(11) 4035-5025
BRAGANÇA PAULISTA,ESF Agua Comprida,Rodovia Padre Aldo Bolini km 70 cep:12913-500,AGUA COMPRIDA,(11) 4035-5065_
BRAGANÇA PAULISTA,ESF SAO FRANCISCO DE ASSIS,AV JOAO RUBENS VALE 648,JD AGUAS CLARAS,NÃO INFORMADO
BRAGANÇA PAULISTA,Esf Toro,Praça Pastor Izaias Tiofilo Pereira s/n,RECANTO MARANATA,(11) 4035-5034_
BRAGANÇA PAULISTA,ESF Agua Comprida,Rodovia Padre Aldo Bolini km 70,AGUA COMPRIDA,(11) 4035-5065_
BRAGANÇA PAULISTA,ESF AGUA CLARA I,AV. ANTONIO PIERROT S/N,JARDIM AGUA CLARA,(11) 4035-0955_
BRAGANÇA PAULISTA,ESF CASA DE JESUS,JOSE DOMINICE 681,JARDIM DO CEDRO,(11) 4035-5041_
BRAGANÇA PAULISTA,ESF CDHU Saada Nader Abi Chedid,Rua Vicente Talamino 27,CONJ HABITACIONAL SA,(11) 4603-1008_
BRAGANÇA PAULISTA,CS I DR LOURENCO QUILICCI,Rua Dona Carolina S/N,LAVAPES,(11) 4034-6550_
BRAGANÇA PAULISTA,ESF HENEDINA RODRIGUES CORTEZ,ALAMEDA WANDERLEY TORRICELLI S/N,NUCLEO RESID HENEDI,(11) 4032-3421_
BRAGANÇA PAULISTA,ESF MADRE PAULINA JARDIM DA FRATERNIDADE,Rua Francisco Lido Vito 185,JD. Fraternidade,(11) 4031-5030_
BRAGANÇA PAULISTA,CMO Morro Grande da Boa Vista,Estrada Liberato Fortini S/N,CENTRO,(11) 4035-0591_
BRAGANÇA PAULISTA,ESF Nilda da Silva Colli,Rua Elias Berbari s/n,NUCLEO HABITACIONAL,(11) 4034-5036_
BRAGANÇA PAULISTA,ESF Parque dos Estados I,Rua Eriberto Cursi S/N,PARQUE DOS ESTADOS,(11) 4031-3894_
BRAGANÇA PAULISTA,ESF PARQUE DOS ESTADOS II,AV: Nossa Senhora da Conceição 195,Planejada I,(11) 4031-5228_
BRAGANÇA PAULISTA,ESF PLANEJADA I,RUA AGOSTINHO ROSA 240,CIDADE PLANEJADA II,(11) 4031-5027_
BRAGANÇA PAULISTA,EACS SAO VICENTE,AV. SÃO VICENTE DE PAULA 265,JARDIM RECREIO,(11) 4035-5032_
BRAGANÇA PAULISTA,CMO Birica do Valado,Estrada Antonia de Souza Moreno S/N,BITIÇA DO VALADO,(11) 4034-9004
BRAÚNA,UBS III DE BRAUNA,RUA JOSE FERNANDES BRAZ 302,CENTRO,(18)3692-1186
BREJO ALEGRE,UBSF III TANCREDO NEVES BREJO ALEGRE,R. Coroados 347,Centro,(11) 3646-1176
BURITAMA,UBS III DA FAMILIA JAIME PINTO CUNHA BURITAMA,Rua Joaquim Pereira Rosa 907,Centro,(18) 3691-1658
BURITIZAL,UBS FAMILIA BURITIZAL,RUA JOAQUIM MARTINS 492,CENTRO,(16) 3751-9110
CABRÁLIA PAULISTA,UBS Maria Terezinha Bognar Checheto,Benedito de Almeida Teixeira 525,CENTRO,(14) 9610-4388
CABREUVA,Ambulatorio de Saude Mental,Rua Luis Nunes 26,CENTRO,(11)4529-6153
CAÇAPAVA,PSF Jardim Caçapava,Rua Bolivia 210,Jardim Cacapava,(12) 3655-6874
CAÇAPAVA,PSF Jardim Rafael,R. Antônio Felíciano de Barros 123,Jardim Rafael,(12) 3655-0536
CAÇAPAVA,PSF Nova Caçapava,AV HONORIO FERREIRA PEDROSA 635,NOVA CACAPAVA,(12)3655-0537
CAÇAPAVA,PSF Vila Paraiso,R. José Monteiro da Silva 9,Vila Paraíso,(12) 3655-6685
CACHOEIRA PAULISTA,Programa de Recuperação de Alcoolatras e Drogadictos,Rua 7 de setembro 122,CENTRO,12-31033746
CACONDE,CS II Sebastião Ribeiro do Valle,RUA FLORIANO PEIXOTO 205,CENTRO,(19)3662-7100
CAFELÂNDIA,CS II de Cafelandia,AVN D PEDRO II 115,CENTRO,(14)3554-9111
CAIABU,UNIDADE BASICA DE SAUDE II CAIABU,RUA MARIA CLAUDIA PEDREIRA 136,CENTRO,(18)3285-7004
CAIUÁ,CENTRO DE SAUDE III DE CAIUA,RUA GUARANY 260,CENTRO,(18)3278-1105
CAJURÚ,Ambulatório de Saúde Mental DE CAJURÚ,Rua Dr Matta 247-,Centro,(13)3821-2239
CAMPINAS,Centro de Saúde Dr. Manuel Rios Muraro - Cs Jd Paranapanema,Rua Boaventura Lemos590,Jd Guarani,(19) 3252-7189/3253-6993
CAMPINAS,Centro de Saude San Martin,Rua Paulo de Souza Marquês 242,Vl San Martin,(19) 3249-3989
CAMPINAS,CS Santa Odila,Rua Beato Marcelino Champagnat 187,Vl Joaquim Inácio,(19) 3276-9716/3776-0455
CAMPINAS,CS Barão Geraldo,Rua Albino José Barbosa de Oliveira 183,Barão Geraldo,(19) 3289-9691/8507
CAMPINAS,CS Campo Belo,Rua Milton Pereira de Castro 255,Campo Belo,(19) 3225-6354/3265-3484
CAMPINAS,CS Carlos Gomes,Rua Antonio Inacio Pupo s/nº,Jd Carlos Gomes,(19) 3257-0011/0234
CAMPINAS,CS Carvalho de Moura,Rua Celso Luglio s/nº,Carvalho de Moura,(19) 3229-44013269-7670
CAMPINAS,CS Costa e Silva,Rua Joaquim Macedo s/nº,Santa Genebra,(19) 3208-1018/4060
CAMPINAS,CS Dr Francisco José Monteiro Salles - Pq Valença,Rua Natale Bertucci 20,Pq Valença,(19) 3221-8545/3261-2333
CAMPINAS,CS Dr José Roberto Micolli - Vila União,Rua José Lourenço de Sá 70,Pq Resid Vl União,(19) 3223-2889/3263-3254
CAMPINAS,CS Integração,Rua Zocca 161,Vl Castelo Branco,(19) 3268-1292
CAMPINAS,CS Jardim Capivari,Rua Padre Eustaquio 229,Jd Capivari,(19) 3223-4533
CAMPINAS,CS Jardim Eulina,Rua Martin Luther King  286,Jd Eulina,(19) 3243-0233
CAMPINAS,CS Jd Ipaussurama,Av Marcio Egídio de Souza Aranha 351,Jd Ipaussurama,(19) 3228-6168/3269-2229
CAMPINAS,CS José Inácio Junior (Joaquim Egídio),Rua Heitor Penteado 1225,Joaquim Egídio,(19) 3298-6627/6419/6484
CAMPINAS,CS Padre Anchieta,Av Papa João Prata Vieira s/nº,Vila Padre Anchieta-,(19) 3281-6737
CAMPINAS,CS Parque da Figueira,Rua Jerônimo Tognolo77,PARQUE DA FIGUEIRA,(19) 3277-1481/3238-9484
CAMPINAS,CS Rosalia,Rua Luan Carlos Domingos da Glória15,Rosália,(19) 3282-3111
CAMPINAS,CS Santa Mônica,Rua Olivio Manoel Camargo 297,Jsd Santa Mônica,(19)3246-0801/3246-1072
CAMPINAS,CS Santo Antônio,Rua Pastor João Prata Vieira s/nº,Pq Vista Alegre,(19) 3266-3134
CAMPINAS,CS São Cristóvão,Av Martinho Lutero 121,Jd São Cristovam,(19) 3225-6228/7800
CAMPINAS,CS São José,Av José Carlos do Amaral Galvão 184,Jd São José,(19) 3229-0735/3268-9547
CAMPINAS,CS São Marcos,Av Maria Luiza Pompeo de Camargo 199,Jd Campineiro,(19) 3246-1229/3018
CAMPINAS,CS São Quirino,Av Diogo Álvares  1450 -,Pq São Quirino,(19) 3296-3640
CAMPINAS,CS Taquaral (Cônego Milton Santana),Rua Henrique Schroeder330,Jd Belo Horizonte,(19) 3254-9485/3295-3426
CAMPINAS,CS Vila Rica,Rua Manganês 126,Vila Rica,(19) 3267-6316/3269-4475
CAMPINAS,CS Vila Ypê,Rua Cinira Arruda Valente 1400,Jd das Oliveiras,(19) 3776-0461/3279-2161
CAMPINAS,DIC III,Rua José Cavani nº228 DIC III,RUA JOSE CAIVANI,(19) 3266-9872/3266-8005
CAMPINAS,Hospital -Unicamp,Rua Vital Brasil 251,BARAO GERALDO,(19) 3521-7514
CAMPINAS,CS Boa Esperança,Rua Prof Renê de Oliveira Barreto 440,Jd Boa Esperança,(19)3206-0297
"CAMPINAS,CS Centro "" Mario Campos Bueno Jr"" (CS Centro),Rua Padre Vieira 1145,CENTRO,(19) 32319016/ (19)32367322/(19)32317922"
CAMPINAS,CS Dr Pedro Agápio de Aquino Netto (CS Balão do Laranja),Av. Paulo Provenza Sobrinho 35,Jardim Campos Elíseos,(19) 3229-9865
CAMPOS DO JORDÃO,CAPS I,Trassaburo Yamaguchi160,VILA MATILDE,(12) 3664-5492
CAMPOS DO JORDÃO,CS II,Av Doutor Januário Miráglia 806,Vila Abernéssia,(12) 3662-1600
CAMPOS DO JORDÃO,ESF Vila Nadir,Rua Aldo Astolfi s/nº -,Vila Nadir,(12)3663-0362
CAMPOS DO JORDÃO,ESF Vila Suiça,Rua Inácio Caetano 905 -,Abernéssia,(12) 3663-7366
CAMPOS DO JORDÃO,PSF Vila Santo Antonio,Rua: Egidio Di Biase 20,Vila Santo Antônio,(12) 3664-6352
CAMPOS DO JORDÃO,Sociedade Beneficente Sao Camilo (HOSPITAL LEONOR MENDES DE BARROS),R. Ver. Agripino Lopes de Morães 101,Vila Matilde,(12) 3668-9000
CAMPOS NOVOS PAULISTA,CS DE CAMPOS NOVOS PTA,RUA MARECHAL DEODORO DA FONSECA 721 CEP 04655-000,VILA FILOMENA,(14) 3476 1107
CANDIDO RODRIGUES,CS III Paolina Pivetta Ferreti,RUA BRASLIA 250,Centro,(16)3257-1151
CAPÃO BONITO,UNIDADE PSF VILA SAO PAULO CAPAO BONITO,R Marechal Deodoro 440,Centro,(15) 3542-2554
CAPIVARI,CAPS AD RENASCER CAPIVARI,Rua São João 296,Centro,(19) 3492-5626
CARAGUATATUBA,Ambulatorio Saude Mental,Av Vereador Aristides Anizio dos Santos 196,Indaiá,(12) 3883-1309
CASA BRANCA,Centro de saude,praça dr. antonio barreto n°93,CENTRO,(19) 3674-0244
CASTILHO,CIS Centro Integrado de Saúde - Dr. Serafim Justo,R. José Manoel de Ângelo 582,Castilho,(18) 3741-9600
CATANDUVA,CRI CENTRO DE REABILITACAO INTEGRADO DR FRANCISCO LADEIRA,RUA ARACAJU 285,Vl Pavani,(17)3525-0900
CATANDUVA,UBS ENFERMEIRO DIOMAR JOSE DOS SANTOS GLORIA III,Rua Guariba 913,Pq Gloria III,(17)35241198
CATANDUVA,USF DR NAPOLEAO PELLICANO JARDIM ALPINO,RUA SAO BENTO 40,JARDIM ALPINO,(17)3525-0800
CATANDUVA,USF DR SERGIO BANHOS RESIDENCIAL ANUAR PACHA,AV CRUZEIRO DO SUL305,CONJUNTO RESIDENCIAL,(17)35217374
CATANDUVA,USF DRA ISABEL ETTRURI PARQUE FLAMINGO,Rua Coroados 100,PARQUE FLAMINGO,(17)35250415
CATIGUÁ,UNIDADE BASICA DE SAUDE HELIO REIS RAMIRES,Av Homero Araujo -,Centro,(17) 3564-1298
CERQUILHO,CAPS - AMBULATORIO DE SAUDE MENTAL,Rua Sinha Moca 306,Centro,(15) 3288-4110
CLEMENTINA,CS III de Clementina,Rua Culto á Ciência 15,CENTRO,(18) 3658-1142
CONCHAL,CENTRO MEDICO DR NELSON SALOME,R. Minas Gerais 179-341,Industrial,(19) 3866-8666
CONCHAS,Ambulatório Médico Especialidades,Rua José Miranda do Amaral 149,Centro,(14) 3845-2360
CORDEIRÓPOLIS,ESF DALCY DE CAMPOS TOLEDO,Rua Toledo Barros,Centro,(19) 3546-9431
CORUMBATAÍ,UBS ANDRE GIMENE CORUMBATAI,RUA 4 A SN,JARDIM RESIDENCIAL DA COLINA,(19) 3577-1414
COSMOPOLIS,CS Integrado Campos Salles,Av da Saudade 1121,Campos Salles,(19)38723091
COSMORAMA,USF Geraldo Otavio Rodriguês,Rua Helena Alves Garcia 792,Vila Honorio,(17 )3836-1822
CRISTAIS PAULISTA,Estrategia Saude da Familia-ESF,Rua Sebastião Rodrigues Souza 155,CENTRO,(11)3133-1287
CRUZÁLIA,UBS Cruzália,RUA JOSE SOARES CASSIANO 820,SANTO ANGELO JD,(18)3376-1315
CRUZEIRO,UBS - Centro de Saúde,R JOAQUIM DO PRADO 91,CENTRO,(12) 3144-0441
CUNHA,CAPS I de Cunha,ZENAIRA FERNANDES DE TOLEDO LEITE 42,CENTRO,(12)3111-3247
CUNHA,Centro de Saúde Dr Daher Pedro,PRAÇA PRUDENTE GUIMARAES 90,ALTO DO CRUZEIRO,(12)3111-1338
CUNHA,ESF CAMPOS NOVOS DE CUNHA,RUA PADRE FRANCISCO s/n,CAMPOS NOVOS,telefone não informado
CUNHA,ESF ARAUCARIA,PRACA PRUDENTE GUIMARAES 90,ALTO DO CRUZEIRO,(12) 3111-1492
CUNHA,ESF DR PAULO JARBAS DA SILVA,RUA JOAO MAYELA QUERIDO 223,OLARIA,(12)3111-3247
CUNHA,UBS Dr. Antonio Francisco Neves,PRACA MIDAIR JOSE TEODORO s/n,FALCAO,(12)3111-3001
DESCALVADO,CAPS I,RUA CEL RAFAEL TOBIAS 1030,CENTRO,(19)3583-7781
DIVINOLÂNDIA,UBS ESF CENTRO DE SAUDE III DE DIVINOLANDIA,RUA SETE DE SETEMBRO 320,CENTRO,(19)3663-1728
DRACENA,Caps Ad II Dracena,R FREDERICO OZANAN 2591,JD JUSSARA,(18)3822-4050
DUARTINA,UBS Dr Edgardo Gonçalves Chaves,RUA SETE DE SETEMBRO 583,CENTRO,(14)3282-8293
ELIAS FAUSTO,ESF José Guedes Pinto - Bairro cardeal,R SILVIO DA SILVEIRA MORATO 71,CARDEAL,(19)3821-1534
ELIAS FAUSTO,ESF JOSE BERTELLI FILHO,RUA OSWALDO MALUF 410,VILA ANCHIETA,(19) 3821-1336
ELISÁRIO,CS III - José Ribeiro Ferraz,AVN DILMO RODRIGUES 30,CENTRO,(17)3529-1207
EMILIANÓPOLIS,UBS II DA FAMILIA DE EMILIANOPOLIS,RUA JUCA DIAS 127,CENTRO,(18)3994-1151
ESPIRITO SANTO DO PINHAL,CENTRO DE SAUDE II DR JOSE DE FELIPE,RUA CEL AMANDO VERGUEIRO 25,CENTRO,(19)3651-3999
ESPIRITO SANTO DO TURVO,Centro Reabilitacao Reeducação e Apoio Multidisciplinar,RUA LUIZ BERTOLINO 431,JARDIM ZANATA,(14)3375-1042
ESTRELA DO NORTE,UNIDADE BASICA DE SAUDE II ESTRELA DO NORTE,RUA JOAO MARINHO 72,CENTRO,(18)3999-1222
ESTRELA D'OESTE,UBS III VICTOR ZIVIERI,RUA PARANA 1141,CENTRO,(17)3833-9320
FERNANDO PRESTES,CS de Fernando Prestes,RUA CLELIA M DE FREITAS 320,JARDIM SANTO ANTONIO,(16)3258-4100
FERNANDOPOLIS,UBS DR PAULO SANO ALBINO MININELLI,RUA PASTOR ALCIDES PEREIRA DE SOUZA 174,ALBINO MININELLI,(17) 3462-3921_
FERNANDOPOLIS,UBS PASTOR MARCELINO DEUNGARO RIO GRANDE,RUA KAZUYOSHI BEPPU 355,RIO GRANDE,(17) 3462-6144
FERNANDOPOLIS,UBS ANDRE MALAVAZZI CECAP FERNANDOPOLIS,RUA LUIS GIACHETTO 125,CECAP,(17)3462-5193
FERNANDOPOLIS,UBS Antonio Modesto da Silva - Uirapuru,AV ANHANGUERA 577,JARDIM UIRAPURU,(17)3463-2200
FERNANDOPOLIS,UBS ANTONIO PIVATO JARDIM PAULISTA,AV BELO HORIZONTE 629,JARDIM ELDORADO,(17)3462-7019
FERNANDOPOLIS,UBS DR ECIO VIDOTTI VILA REGINA FERNANDOPOLIS,AVENIDA BRASILIA 704,VILA NOVA,(17)3463-4620
FERNANDOPOLIS,UBS DR WALTRUDES BARALDI PLANALTO FERNANDOPOLIS,AV DA SAUDADE 1011,JARDIM PLANALTO,(17)3442-5681
FERNANDOPOLIS,UBS JOAO GARCIA PELAYO BRASITANIA FERNANDOPOLIS,RUA DAS AMERICAS 765,DISTRITO BRASITANIA,(17)3489-1147
FERNANDOPOLIS,UBS DR ALEXANDRE ZILENOVSKI BRASILANDIA,Avenida Carlos Barozzi 520,Brasilândia,(17) 3442-5396_
FERNANDOPOLIS,CAPS II CENTRO ATENCAO PSICOSSOCIAL,Rua Professor Olivio de Araujo 08,Boa Vista,(17) 3442-3172
FERNANDOPOLIS,UBS ANTONIO SANTILIO COHAB,Avenida Paulino Maximiano 319,Santa Cecilia,(17) 3442-5567
FERNANDOPOLIS,UBS HEITOR MALDONADO ARAGUAIA FERNANDÓPOLIS,Avenida das Patativas 381,Jardim Araguaia,(17) 3442-3936
FERNANDOPOLIS,CAPS AD REGIONAL FERNANDOPOLIS,AV Brasília 360,Jardim Acapulco,(17) 3442-6612
FERNANDOPOLIS,UBS JOSE V MENDONCA FILHO GUANABARA,Rua Pernambuco 3728,Jardim Guanabara,(17) 3442-5600
FERNANDOPOLIS,UBS CARLOS GANDOLFI IPANEMA,RUA AIRTON MARQUES DE SOUZA 269,JARDIM IPANEMA,(17) 3442-6962
FERNANDOPOLIS,UBS DIONISIO PEREIRA MARQUES SANTA BARBARA,Rua Moacyr Ferrari 199 15600-588,Jardim Santa Bárbara,(17) 3442-6666
FERNANDÓPOLIS,UBS DR ADHEMAR MONTEIRO PACHECO UNIVERSITÁRIO,RUA EURÍPEDES TEIXEIRA DE REZENDE 131,PARQUE UNIVERSITARIO,(17) 3442-2115
FERNÃO,USF Fernão,RUA JOSE BONIFACIO 174,CENTRO,(14)3273-7176
FLÓRIDA PAULISTA,CS II Antônio Giancursi,AV JOSE FROIO 482,CENTRO,telefone não informado
FLORÍNEA,UBS Integrada,RUA VITALINA MARIA DE JESUS 728,CENTRO,(18)3377-1119
FRANCA,Ambulatorio de Saude Mental,RUA ALUISIO PACHECO FERREIRA 4810,SANTA EUGENIA,(16)3711-9400
FRANCA,Caps Ad de Franca,CAVALHEIRO PETRAGLIA 80,SANTOS DUMONT,(16)3711-9401
FRANCA,CAPS AD III RENASCER,R CAVALHEIRO PETRAGLIA,VILA SANTOS DUMONT,(16) 37037780
GABRIEL MONTEIRO,UBS III de Gabriel Monteiro,RUA FUNDADORES 173,CENTRO,(18)3602-1220
GÁLIA,USF II Gália,RUA JOAO OTTONICAR 1045,CENTRO,(14)3274-1300
GARÇA,USF Dr Jose Martinho Palermo,RUA MINAS GERAIS 850,VL REBELO,(14)3406-2639
GENERAL SALGADO,UBS DR JOAO RODRIGUES MOREIRA,AV. PLINIO RIBEIRO DO VAL 1395,CENTRO,(17) 3351-1000
GLICÉRIO,UBS Gimaiel Elias Gimaiel,RUA PREFEITO FUAD EID 355,CENTRO,(18)3647-1264
GUAIÇARA,CS III Martiniano Cruz,RUA OSVALDO CRUZ 269,CENTRO,(14)3547-1250
GUAÍRA,Caps Marcos Ferreira,Avenida 31 949,JARDIM PAULISTA,(17) 3331-1892
GUAPIAÇU,CS Dr. Rubens de Oliveira Bottas,RUA ABRAAO JOSE DE LIMA 659,CENTRO,(17)3267-9210
GUAPIAÇU,ESFSB MI SAO JOSE DE GUAPIACU,RUA JOAO ROMERO PEREZ 17,CDHU,(17) 3267-1578
GUAPIAÇU,ESFSB MI SAO MARCO,JOAO HERNANDES CONTREIRAS 137,SAO MARCOS,(17)3267-2875
GUARÁ,CAPS I,R CAPITAO DOMICIANO CRISTINO 133,CENTRO,(16)3831-9874
GUARAÇAI,CS III Nicola Jorge Carneiro,RUA JOSE LOMBA VICENTE 96,CENTRO,(18)3705-1223
GUARAÇAI,UBS Jeronimo Ferreira de Oliveira,RUA CARLOS DE CAMPOS 824,CENTRO,(17)3815-1600
GUARANI D'OESTE,CS III Guarani D'Oeste,RUA JOAO NEVES PONTES 1315,CENTRO,(17)3834-1179
GUARANTÃ,CS III Dr. Moacir Carneiro Junqueira,RUA JOANA CANTOIA MANFREDO 11,SOL NASCENTE,(14)3586-1175
"GUARARAPES,CAPS I "" Santo Antonio "",Rua Tiradentes 283,Bairro Industrial,(18)3406-2228"
GUARATINGUETÁ,Ambulatorio de Saude Mental,RUA JOSE CASTRO E SILVA 40,VILA ALVES,(12) 3122-5255
GUARUJÁ,Centro de Recuperação e Fisioterapia Guarujá,AV ADHEMAR DE BARROS 210,SANTO ANTONIO,(13)3383-1508
GUARUJÁ,Centro Reabilitação de Vicente de Carvalho,AV SAO JOAO 155,PAE CARA,(13)3342-4829
GUARUJÁ,US Santa Rosa,RUA MANOEL DA CRUZ MICHAEL 387,SANTA ROSA,(13)3358-2564
GUARUJÁ,USAFA Cidade Atlantica,RUA URUGUAI 3000,ENSEADA,(13)3351-1597
GUARUJÁ,USAFA JARDIM BRASIL GUSTAVO COELHO DE ALMEIDA,RUA POETA ALBERTO DE OLIVEIRA s/n,JARDIM BRASIL II,(13)3359-4685
GUARUJÁ,USAFA Jardim Progresso,RUA JOSEFA HERMENIA DE CALDAS s/n,JARDIM PROGRESSO,(13)3341-7232
GUARUJÁ,USAFA JARDIM BOA ESPERANCA LUIZ MACIEL BRAIA,AV ADRIANO DIAS DOS SANTOS 533,JD BOA ESPERANCA,tel (13)3387-1351
GUARUJÁ,USAFA JARDIM CONCEICAOZINHA GENTIL NUNES NETO,RUA WALDEMAR TANGARY 535,JD CONCEICAOZINHA,(13)3387-1310
GUARUJÁ,USAFA Jd dos Pássaros,RUA ROUXINOL 25,JD DOS PASSAROS,(13)3358-2846
GUARUJÁ,USAFA JARDIM LAS PALMAS JANDUI DE SOUZA MOREIRA,RUA JOSE ALVES DE OLIVEIRA s/n,JARDIM LAS PALMAS,(13)3354-7101
GUARUJÁ,USAFA Perequê,AV RIO BRANCO 235,PEREQUE,(13)3353-2082
GUARUJÁ,USAFA SANTA CRUZ DOS NAVEGANTES,RUA ANTONIO PINTO RODRIGUES s/n,STA CRUZ NAVEGANTES,tel (13)3354-2802
GUARUJÁ,USAFA Sítio Conceiçãozinha,R NOVA ESPERANCA 11,SITIO CONCEICAOZINHA,(13)3387-1520
GUARUJÁ,USAFA Vila Aurea,RUA FRANCISCO DE CASTRO s/n,VILA AUREA,tel (13)3352-2776
GUARUJÁ,USAFA VILA EDNA MARCO ANTONIO GONZALEZ,AV BRASIL s/n,VILA EDNA,tel (13)3355-4917
GUARUJÁ,USAFA Vila Rã,RUA MARIA GERALDA VALADAO AZEVEDO 1114,VILA RA,(13)3351-9388
GUARUJÁ,USAFA VILA ZILDA DR DAVID CAPISTRANO DA COSTA FILHO,RUA PAULO AGOSTINHO DA SILVA s/n,VILA ZILDA,(13)3387-1401
HERCULÂNDIA,CS Herculândia,AV SAO PAULO 39,CENTRO,(14)3486-1209
HOLAMBRA,PSF Fundao/ Pinhalzinho,PRACA MARIA MORAES s/n,SANTO ANTONIO,telefone não informado
HORTOLÂNDIA,JD AMANDA II,Av. Brasil 1100,Jardim Amanda I,(19) 3819-3071
HORTOLÂNDIA,UBS Dom Bruno Gamberini,R. João Ribeiro Evangelista 215,Jardim Nova Hortolandia,(19) 3819-1971
HORTOLÂNDIA,UBS JD AMANDA I,RUA ALMADA NEGREIROS 1299,,(19)3897-3388
HORTOLÂNDIA,UBS Jd Novo Angulo,Rua Edézio de Vieira Moraes 146,Jd Novo Ângulo,(19) 3809-2545
HORTOLÂNDIA,Unidade de Saude da Família Pq do Horto,Av José Augusto de Araújo95,Nossa Senhora Auxiliadora,(19) 3897-2200
HORTOLÂNDIA,USF Jardim São Jorge,Rua Goiás1140,Jardim São Jorge,(19)3897-2064
HORTOLÂNDIA,USF Jardim Campos Verdes,Rua da Confibra 155,Jardim Campos Verdes,(19)3909-1634
HORTOLÂNDIA,USF Jd Santiago,Rua Projetada s/nº,Jd Santiago,(19) 3887-2395
HORTOLÂNDIA,USF Jd Sao Bento Paulo Cabral do Nascimento,Rua Tom Jobim 440,Jd São Bento,(19) 3887-0902
HORTOLÂNDIA,UBS FIGUEIRAS SAO SEBASTIAO ROSANGELA AP NEGRAO,RUA ARY PINTO 115 JD DAS FIGUEIRAS CEP 13187-241,JD DAS FIGUEIRAS II,(19) 3897-1048
IACANGA,UNIDADE DE SAUDE DA FAMILIA I DE IACANGA,PROFESSORA TEREZINHA OLIVEIRA DA SILVA ALMEIDA S/N,ESTANCIA IACANGA,(14) 3294-3041
IACANGA,UNIDADE DE SAUDE DA FAMILIA III DE IACANGA,PRAÇA ANTONIO GARCIA TEIXEIRA S/N,CENTRO,(14) 3294-1924
IACANGA,USF II IACANGA,PRAÇA ANTONIO GARCIA TEIXEIRA S/N 17180-000,CENTRO,(14) 3294-1176
IACRI,CS IACRI,RUA BANDEIRANTES 892,BAIRRO ALTO CAFEZAL,(14) 3489-1300
IBIRÁ,ESFSB MI DR RAUL TARSITANO IBIRA,PRACA JOSE BERNARDINO DE SEIXAS 923,CENTRO,(17)3551-1102
IBIRÁ,ESFSB MI VEREADOR ERNESTO TAVARES IBIRA,RUA EUGENIA TEODORO DE FARIA 575,S BENEDITO,(17)3551-8080
IBIRAREMA,PROGRAMA SAUDE DA FAMILIA II DE IBIRAREMA MASAYUKI EZAKI,RUA JOAQUIM DOS SANTOS N°187,Alto Cafezal,(14) 3307-1337
IBITINGA,CS II - Ibitinga,AVN D PEDRO II 599,CENTRO,(16)3352-7080
IEPÊ,CENTRO DE SAUDE II IEPE,RUA SAO PAULO 74,CENTRO,(18)2541352
IGARAÇU DO TIETÊ,CAPS I -Centro de Atençao Psicossocial,Rua Ana de Barros 170,CENTRO,(14)3644-8494
IGARAPAVA,CS II de Igarapava,RUA SALDANHA MARINHO 930,CENTRO,(16)3772-1491
IGARAPAVA,ESF Saudade,Avenida 22 de maio 4060,Saudade,(16) 3172-1289_
IGARAPAVA,ESF Valda Maria de Souza,Rua Maria José Prado Soares 175,Assad Salim,(16) 3172-7567_
IGARAPAVA,ESF Central,Rua Capitão Vitoriano Machado 490,Centro,(16) 3172-4581
IGARAPAVA,ESF Evaristo Rodrigues Nunes,Rua Manoel Pignati 339,Evaristo,(16) 3172-4960
IGARAPAVA,ESF Vila Gomes,Rua Pacifico Pinheiro 09,GOMES VL,(16) 3172-5016
IGARAPAVA,ESF Waldir Dib Mattar,RUA ANTONIA BORTOLETO,WALDIR DIB MATTAR,(16) 3172-7559
IGARAPAVA,CAPS de Igarapava,Rua Saldanha Marinho 884,Centro,(16) 3172-5801
IGUAPE,CAPS I Iguape,Rua José Izidro de Oliveira 43,ACÁCIAS JD,(13) 3841-3242/3841-6061
ILHABELA,UBS AGUA BRANCA,Av. Cel. José Vicente de Faria Lima 1435,Agua branca,(12) 3896-6530
ILHABELA,UBS COSTA SUL ILHABELA,Avenida Riachuelo 6311 CEP 11630-000,PRAIA GRANDE,(12) 3894-9364
ILHABELA,UBS PEREQUE ILHABELA,Rua Benedito dos Anjos Sampaio 225,Barra velha,(12) 3895-7190
ILHABELA,UBS BARRA VELHA,Rua carolina Vanderstappen 285,Pereque,(12) 3896-2008
ILHABELA,CAPS I,RUA SERGIO RODRIGUES 187,PEREQUE,(12)3896-5675
ILHA COMPRIDA,PSF III CENTRO DR EDINEI RODRIGUES ILHA COMPRIDA,RUA NICE 585,BALNEARIO MONTE CARLO,(13)3842-3076
ILHA SOLTEIRA,Nucleo de Saúde Mental,AV ATLANTICA 2101,ZONA NORTE,(18)3742-2880
INDAIATUBA,CAPS Ad Indaiatuba,AV PRESIDENTE VARGAS 890,Cidade Nova I,(19)3816-7878
INDAIATUBA,ESF Campo Bonito,Av Otilia Ferraz de Camargo 817,CAMPO BONITO JD,(19) 3936-1787
INDAIATUBA,ESF Jd Brasil,Avenida Luiz Carlos Prestes 305,BRASIL JD,(19) 3835-6969
INDAIATUBA,PSF Itaici,Rua Joaquim Pedroso Alvarenga11,Itaici,(19)3894-7600
INDAIATUBA,UBS JARDIM MARITACAS,RUA JOSÉ BROSSI Nº 50,JD MARITACAS,(19) 3936-7722
INDAIATUBA,PSF Jardim Carlos Aldrovandi,Av Ângelo Bertelli Neto 1000,Jd Carlos Aldrovandi,(19) 3835-5598
INDAIATUBA,PSF Jd Oliveira Camargo,Rua Yoriko Gonçalves s/nº,JD OLIVEIRA CAMARGO,(19)3835-4878
INDAIATUBA,PSF Parque Indaiá,RUA CRISTIANO SELLEGUIN 33,PRQ RES INDAIA,(19)3835-4818
"INDAIATUBA,UBS IV - Policlinica ""Dr Mario Paulo"",RUA CEL JULIO PEREIRA DE BLUM 193,JD MORADA DO SOL,telefone não informado"
INDAIATUBA,UBS IX - Central,Rua São Carlos 585,VL RUZ PERES,(19)3875-9368
INDAIATUBA,UBS Pq Corolla,RUA DR NELSON NAZARIO 80,JD MORADA DO SOL,(19)3934-6400
INDAIATUBA,UBS VII - Luiz Carlos Sanazzaro,Rua José de Campos 709,JD MORADA DO SOL,(19) 3936-1301/3936-5287
INDAIATUBA,UBS X Jardim California,Rua Básilio Martins 830,Jardim Califórnia,(19)3894-5375/3894-5345
INDAIATUBA,UBS XI Jardim Paulo Pioli,Av Manoel Ruz Peres3265,Jd João Pioli,(19) 3835-5522/3835-4836
INDAIATUBA,USF Jd Itamaracá,RUA ROMARIO CAPOSSOLI s/n,JD ITAMARACA,(19)3825-2134
INDIANA,ESF II ROBERTO CETARA DOS SANTOS,RUA TIRADENTES 1228,VILA GARCES,(18)39951157
INDIAPORA,UBS PREFEITO JOSE OLIVEIRA DE SOUZA,RUA JOSÉ SCAPIM 850,CESP,(17)38421184
INÚBIA PAULISTA,UBS Inúbia Paulista,RUA ANTONIO FACCO 665,CENTRO,(18)3556-1233
IPUÃ,ESF Central,AVENIDA CARLOS FERNANDES 766,CENTRO,telefone não informado
IRACEMÁPOLIS,USF DR ANGELO ARLINDO LOBO DE IRACEMAPOLIS,RUA JOAO DE SOUZA BARRETO 555,CENTRO,(19)3456-3897
IRACEMÁPOLIS,USF Maria Neves Alexandrino,Avenida Pedro Marcos Bertanha 625,JD LAZARO H OLIVEIR,(19) 3456-3200_
IRAPUÃ,Unidade Basica de Saude Mario Evaristo Tadei,Rua Afonso Pena n 450 CEP 14990-000,CENTRO,(17) 3556-1258
"ITAJOBI,ESF Nova Cardoso ""Paulo Sérgio Vinhando"",RUA JUVENCIO SANTANA 200,NOVA CARDOSO,(17)3547-1177"
ITANHAÉM,CAPS AD Itanhaem,Rua Mario Gimenez 300,Umuarama,(13) 3427-5125
ITANHAÉM,CAPS II Rodolpho Moreno,Rua Dr Egas Muniz de Arruda Botelho 225,Laranjeiras,(13) 3426-1122/3427-6317
ITANHAÉM,PSF Guapiranga,RUA ARISTEU RODRIGUES DA SILVA s/n,GUAPIRANGA,(13) 3426-5807
ITANHAÉM,USF Belas Artes,RUA HENRIQUE JULIO DE LIMA 112,BELAS ARTES,(13) 3426-1402
ITANHAÉM,USF Centro,RUA ARTHUR BERNARDES 28,CENTRO,telefone não informado
ITANHAÉM,USF Jardim Oásis,RUA ESTANISLAU GERONIMO 418,JARDIM OASIS,(13)34277533
ITAPETININGA,Caps Ad Itapetininga,RUA NAPOLEAO TAVARES DA SILVEIRA 317,VILA PAULO AYRES,(15)3272-7277
ITAPETININGA,NASF,PADRE ALBUQUERQUE 386,CENTRO,(15) 3275-2219
ITAPETININGA,UBS Dr Genefredo Monteiro,PRC 9 DE JULHO 518,CENTRO,(15)3272-5115
ITAPEVA,UNIDADE PSF ALTO DA BRANCAL ITAPEVA,RUA SAO PEDRO S/N 18400-972,ALTO DA BRANCAL,(15) 3521-6147
ITAPIRA,Caps Ad Ranieri Baiochi,RUA ERNESTO STRINGUETTI 140,NOSSO TETO,(19)3813-2327
ITAPIRA,FUNDACAO ESPIRITA AMERICO BAIRRAL,RUA DR. HORTENCIO PEREIRA DA SILVA 313 - CENTRO,CENTRO,(19) 3863-9400
ITAPIRAPUA PAULISTA,UBSF ITAPIRAPUA PAULISTA,RUA JANUARIO DE ALMEIDA 44-140,CENTRO,(15) 3548-1310
ITAPUÍ,USF DR NESTOR CARDOSO,Avenida Paes de Barros nº 315 cep: 17230-000,CENTRO,(14) 3664-8042
ITAPURA,UBS II de Itapura,Av. Marechal Arthur da Costa e Silva 1120,CENTRO,(18) 3745-1227
ITATIBA,Ambulatório Central de Especialidades,RUA MARCOS DIAN 365,JD DE LUCCA,(11) 4524-0934
ITATIBA,CAPS AD,AV EXPEDICIONARIOS BRASILEIROS 988,VL BRASILEIRA,(11)4594-3557
ITIRAPINA,CS III DE ITIRAPINA,AVN O1 250,CENTRO,(19) 3575-9030
ITOBI,UNIDADE DE SAUDE DE ITOBI ALCIBIADES PIRES,RUA INACIO RODRIGUES DAMASIO 652,CENTRO,(19)3647-6010
ITUPEVA,CAPS DE ITUPEVA,RUA JOAO SABIO 300,ANA LUIZA,(11)4591-2153
ITUVERAVA,CS II Dr Jose Ferreira Telles,RUA CEL JOSE NUNES DA SILVA 1300,CENTRO,(16)3839-0299
JACAREÍ,Espaço Aberto Caps Ad,AV MAJOR ACACIO FERREIRA 620,JARDIM PARAIBA,(12)3952-9551
JACI,PSF I COHAB III JACI,RUA MIGUEL OSKIANO 01,COHAB III,(17)3283-1788
JACI,CS DE JACI,Rua XV de Novembro 614 15155-000,CENTRO,(17) 3283-9570
JAGUARIUNA,UBS 10 - PREF PEDRO SILVEIRA MARTINS JUNIOR -CRUZEIRO DO SUL,Estrada Judit dos Santos770,CHACARA RECREIO PRIM,(19) 3867-1995
JAGUARIUNA,UBS 5 JARDIM FONTANELLA,Rua Pará  181,LOTEAMENTO PREFEITUR,(19) 3837-5603
JAGUARIUNA,UBS 6 DR JORGE RIOS MURARO FLORIANOPOLIS,RUA JOAQUIM ELIAS 475,FLORIANOPOLIS PQ,(19)3837-5534
JALES,Ambulatorio de Saude Mental de Jales,RUA DEZESSETE 2957,CENTRO,(17)3632-1294
JAMBEIRO,UBS Jocelina Meireles,RUA ANTONIO DE CASTRO LEITE 16,CENTRO,(12)3978-1651
JARINU,Ambulatorio Medico de Especialidades,RUA JOAO PESSOA 560,VILA RICA,(11)4016-8100
JAÚ,Caps Ad II Jaú,AVENIDA ZEZINHO MAGALHAES 1660,VILA NOVA JAU,(14)3624-2951
JERIQUARA,CS III Joao Alves Costa,PRC SAO SEBASTIAO 100,CENTRO,(16)3134-1334
JOANÓPOLIS,UBS II Joanopolis,RUA FRANCISCO WOLHERS 113,CENTRO,(11)4888-9208
JOSE BONIFÁCIO,ESF DR EDSON GIANNETTO,RUA EDUARDO FELIX DE MENDONÇA 325,CARLOS CASSETARI,(17) 3245-9238
JOSE BONIFÁCIO,ESF JOAO FRANCISCO MARQUES STA LUZIA J BONIFACIO,Rua Paschoal Catalani 17,SANTA LUZIA,(17) 32561200
JULIO MESQUITA,U S F ANTONIO SOARES,RUA JORGE DE MORAES BARROS 455,CENTRO,(14)3487-9099
JUMIRIM,CS Brazziliano Poggi,RUA BAZZO 176,NOVA JUMIRIM,(15)3286-1738
JUNDIAÍ,UBS AGAPEAMA,R. Luís Carpi 238,Vila Didi,(11) 4526-1072
JUNDIAÍ,UBS Corrupira,R. João Augusto Cruz 50,Corrupira,(11) 4582-4056
JUNDIAÍ,UBS Fazenda Grande,R. Daniel da Silva 158,Fazenda Grande,(11) 4582-4339
JUNDIAÍ,UBS Vila Hortolândia,R. Monsenhor Emílio José Salin 110,Vila Hortolandia,(11) 4582-7731
JUNQUEIROPOLIS,CAPS I DE JUNQUEIROPOLIS,RUA INDEPENDÊNCIA Nº 967,CENTRO,(18) 3841-2747
LAGOINHA,ESF CENTRO,RUA PADRE JOAO PAULO369,CENTRO,(12) 3647-1616
LAGOINHA,NUCLEO DO PSF BAIRRO RIBEIRAO LAGOINHA,RUA ANTONIO JOSE RIBEIRO 369 12130-000,CENTRO,(12) 3647-1580
LARANJAL PAULISTA,CS Oscar Vieira Sampaio,RUA SUAIDAN ABUD 221,CENTRO,telefone não informado
LEME,CAPS AD Leme,Rua Emilio Andrielli 45,BARRA FUNDA,(19) 3554-3526
LENCÓIS PAULISTA,Amb Saude Mental Vereador Nicanos P. de Godoy,RUA JOAO CARNEIRO GERALDES 400,UBIRAMA,(14)3264-7202
LENÇÓIS PAULISTA,ESF Dr Jose Nege,RUA BAHIA 294,VILA CRUZEIRO,(14)3264-3505
LENÇÓIS PAULISTA,ESF Dr Luis Fernando Lellis Andrade,RUA OLINO FUIN 460,JARDIM CAJU I,(14)3264-9933
LENÇÓIS PAULISTA,UBS Dr Jose Antonio Garrido,RUA MARECHAL DUTRA 895,JD UBIRAMA,(14)32644042
LIMEIRA,AMBULATORIO REGIONAL DE ESPECIALIDADES DE LIMEIRA,RUA MARANHAO 279,VILA ROSALIA,(19)3451-0733
LINS,UBS Ribeiro - Lins,RUA DR JOAO JOSE GARCEZ NOVAES 287,RIBEIRO,(14)3523-6757
LOURDES,UBS Sagisfredo Mamede Pinto,RUA JOSE LUIZ DE OLIVEIRA 185,CENTRO,(18)3699-1188
LOUVEIRA,US DRA LUCILENE MOSCA MELIN LMM ESPECIALIDADES,RUA FREDERICO ZANELLA 375,VILA NOVA,(19)3948-5300
LOUVEIRA,Unidade de Saude Gilberto Ajjar,Avenida Quiprocó 55,Bairro Monterrey,(19)3878-5236
LOUVEIRA,US Antônio Carlos dos Santos,Rua Antonio Chicalhone 193,Bairro Santo Antonio,(19) 3848-1062
LOUVEIRA,UBS 21 DE MARCO JOAO ALCEU DIAS,R Luiz Gonzaga 375,Jd 21 de março,(19) 38780728
LUCÉLIA,CS II de Lucélia,RUA RICIERI PERNOMIAM 601,CENTRO,(18)3551-9030
LUIS ANTONIO,UNIDADE DE SAUDE DR EMILIO SERAFIM,Av da Saudade 660 14210-000,SANTA SOFIA,(16) 3983-1733
LUPERCIO,CS DE SANTA TEREZINHA,RUA ARISTIDES JOSE NOGUEIRA 248,CENTRO,(14) 3474-1135
MACAUBAL,ESF I E II,RUA JOÃO DE FREITAS CAIRES S/N,CENTRO,17-38746050
MACEDÔNIA,UBS de Macedônia,RUA DEP ANISIO MOREIRA 438,CENTRO,(17)3849-1162
MARABÁ PAULISTA,CS MARABA PAULISTA UNIDADE SAUDE DA FAMILIA,RUA JOSE TEODORO,CENTRO,(18)3996-1125
MARAPOAMA,UBS/ESF de Marapoama,PRACA DA INDEPENDENCIA 160,CENTRO,(17)3548-9000
MARÍLIA,HCFAMEMA HOSP CLINICO CIRURGICO,RUA DOUTOR REINALDO MACHADO 255,FRAGATA,(14) 3402-1744
MARÍLIA,Hospital Espírita de Marília,RUA DR JOAQUIM DE ABREU SAMPAIO VIDAL 470,SOMENZARI,(14)2105-1455
MARÍLIA,Santa Casa Marília,AVENIDA VICENTE FERREIRA 828,CASCATA,(14)3402-5555
MARÍLIA,UBS São Judas,RUA RIBEIRAO PRETO,PALMITAL,(14)30421-6521
MARÍLIA,USF ANIZ BADRA,RUA URIAS AVELINO DE MORAES s/n,ANIZ BAPRA,(14)3415-2425
MARILIA,HOSPITAL DAS CLINICAS HCFAMEMA,rua dr Reinaldo Machado 255,Fragata,(14)3425-3484
MARILIA,USF Figueirinha,AVENIDA JOSE JORENTE 291,FIGUEIRINHA,(14)3433-2879
MARILIA,USF Jd Marilia,RUA JESUITAS 40,VILA JARDIM,(18)3275-2357
MARTINÓPOLIS,Caps Ad II,RUA ELEAZAR GALVAO 697,VILA ALEGRETE,(16)3383-4930
MATÃO,CS II,AVENIDA VINTE E OITO DE AGOSTO 465,CENTRO,(17)3248-1220
MENDONÇA,UBS III Mendonça,RUA LAZARO SOARES DIAS 570,CENTRO,(17) 3475-1144
MENDONÇA,UNIDADE BASICA DE SAUDE DONA BENEDICTA DO CARMO OLIVEIRA DONA DITA,RUA ANGELO PETROLINE 136,CENTRO,(18) 3282-1017
MERIDIANO,UBS de Meridiano,RUA SETE DE SETEMBRO 2070,CENTRO,(16) 3835-6658
MIGUELÓPOLIS,CENTRO DE SAUDE II DE MIGUELPOLIS,AVENIDA FRANCISCO ANTÔNIO DE FREITAS Nº1500,CENTRO,(17)3846-1219
MIRA ESTRELA,UBS/ESF Mira Estrela,PRC BENEDITO CASTREQUINE 472,CENTRO,(18)3701-4002
MIRANDÓPOLIS,Centro de Saúde Dr. Yoshito Kanzawa,AV DR RAUL DA CUNHA BUENO 628,CENTRO,(18)3701-5391
MIRANDÓPOLIS,UBS Dr Francisco Teothônio Pardo,RUA OLIMPIO DE MACEDO 1720,JD NSA SRA DE FATIMA,(18)3991-1820
MIRANTE DO PARANAPANEMA,UBS II DR EXPEDITO SHIZUO KUROCE,RUA DR NOBORU KASAE 854,CENTRO,(17) 3242-6772
MIRASSOL,Centro de Saúde II,RUA PRUDENTE DE MORAES 2386,CENTRO,telefone não informado
MIRASSOL,ESF Regissol,NELSON APARECIDO GARETTI 2971,REGISSOL,(17)3253-5329
MIRASSOL,ESF Santa Rita,RUA ANTONIO D AMORIN PESOA 3238,SANTA RITA,(17)3253-2107
MIRASSOL,UNIDADE BASICA DE SAUDE DA FAMILIA ROBERTO NARDI,AVENIDA JOAO BATISTA POSSEBOM 3727,COHAB II,(19)3656-7537
MOCOCA,Caps Ad III Mococa,JOAO TEODORO MARIANO s/n,COLINA VERDE,(19) 3818-1539
MOGI GUAÇU,Caps Ad Mogi Guaçu,RUA ANTONIO LUIZ FILHO 700,JD NOVO II,telefone não informado
MOGI MIRIM,CAPS AD,RUA PAISSANDU 485,CENTRO,(19) 3488-1190
MOMBUCA,UNIDADE MISTA DE SAUDE DE MOMBUCA,RUA GERSON MASCHIO Nº 60,JARDIM DAS OLIVEIRAS,(17)3484-1231
MONÇÕES,CS III,RUA RIO DE JANEIRO 552,CENTRO,(19)3899-1199
MONTE ALEGRE DO SUL,CS III - Monte Alegre do Sul,RUA PREFEITO JOSE AMARAL s/n,CENTRO,(16)3241-1897
MONTE ALTO,USF DR JOSE JESUS VICTORIO RODRIGUES MONTE ALTO,RUA APRIGIO RIBEIRO GUIMARAES 161,JARDIM CANAA,(19)38892482
MONTE ALTO,CAPS I MARIA ESTELA FERNANDES,RUA CORONEL PIRES PENTEADO Nº 600,CENTRO,16-3242-9684
MONTE MOR,USF Maria José Paviotti,Av João Paulo II 333 -CEP: 13190-000,Pq Residencial,telefone não informado
MORRO AGUDO,Ambulatorio de Especialidades Saude Mental Alceu Clovis Souza Morro Agudo,RUA INACIO FRANCO 976,CENTRO,(16)3851-1196
MORRO AGUDO,NSF Hilda Ramos Souza,RUA MARIA LIPORINE MEIRELLES 766,CENTRO,(11)4014-7443
MORUNGABA,UBS Dr Romeu Bueno de Aguiar,Praça João Pessoa 134,CENTRO,(11) 4014-7607
MORUNGABA,USF Amelia Stranieri Frare,Rua Luiza Gorete Frare do Nascimento 201,- Jd Amélia-,(16)3348-9400
MOTUCA,Centro Médico e Odontológico Otávio Thomaz de Aquino,RUA GERUDY FIGUEIREDO 100,CENTRO,(18)3268-6162
NANTES,UNIDADE BASICA DE ESTRATEGIA DE SAUDE DA FAMILIA,RUA MESSIAS NANTES 215,CENTRO,(18) 3992-1100/ 1101
NARANDIBA,UBS II José Rodrigues Dourado,Rua Alves de Almeida 752,CENTRO,(17) 3271-1217
NAZARÉ PAULISTA,CENTRO DE SAUDE III,RUA CEL. BENEDITO BUENO S/Nº,CENTRO,(11) 4597-3065
NEVES PAULISTA,CS III,RUA BENJAMIN CONSTANT 580,CENTRO,(17) 3262-5520
NOVA GRANADA,Centro de Saúde Dr Adib D Saad - CS Nova Granada,Rua Jacintho Ruiz Garcia 513,Centro,(18)3856-1249
NOVA GUATAPORANGA,UBS Nova Guataporanga,RUA BRASIL 315,CENTRO,(18)3744-1135
NOVA INDEPENDÊNCIA,UBS II Lenir Sppazapam de Alencar,AV EURICO SOARES DE ANDRADE 480,CENTRO,(17)3483-1213
NOVA LUIZITÂNIA,UBS III Urbino Pascoal Bailão,RUA JOSE DA SILVA CARVALHAES 1660,CENTRO,(19)3466-2194
NOVA ODESSA,HOSPITAL MUNICIPAL DR ACILIO CARREON GARCIA,RUA ARISTIDES BASSORA 301,BOSQUE DOS CEDROS,(17) 3542-9922
NOVO HORIZONTE,Centro de Saude Dr Joao Dorival Cardoso,Rua Sete de Setembro 1175 CEP 14960-000,Vila Patti,(17)35611182/1181
NOVAIS,CSIII de Novais,Rua Major João Batista Novaes 466,CENTRO,(14)3357-1400
ÓLEO,CS III Dr Ricardo Franklin de Mello,RUA JOSE ANTONIO SALGADO 111,CENTRO,(17)3281-5228
OLÍMPIA,CRI - Dr Humberto Mendes de Carvalho,AV DR WALDEMAR LOPEZ FERRAZ 650,CENTRO,(17)3268-1344
ONDA VERDE,ESF Onda Verde,AV ROMANO CALIL 188,CENTRO,(17)3816-1297
ORINDIÚVA,CS III Orindiúva,AVENIDA FRANCISCO TOMAZ DE AQUINO,CENTRO,(16)3820-8214
ORLÂNDIA,Centro de Atenção a Saúde Mental,AVENIDA NOVE 479,CENTRO,(16)3826-7333
ORLÂNDIA,UBS I Américo Alves,RUA SEIS 1200 A,JD SIENA,(16)3826-3503
ORLÂNDIA,UBS II José marchi,AV DEZENOVE 1728,JD CIDADE ALTA,(16)3826-8385
"ORLÂNDIA,UBS III ""Waldemar Graner"",AVENIDA W 783,JD SANTA RITA,(16)3826-3814"
"ORLÂNDIA,UBS VI ""Aparecida Helena Denipoti"",AVENIDA K 1340,JD DAS FLORES,(14)3457-1138"
OSCAR BRESSANE,CS DE OSCAR BRESSANE PSF,RUA VITORIO GIROTO 403,CENTRO,(18)3528-1475
OSVALDO CRUZ,CENTRO DE SAUDE DE OSVALDO CRUZ,AV PRES KENNEDY 686,CENTRO,(17)3843-1458
OUROESTE,UBS NELSON RODRIGUES,MARTINS DE SÁ 700,CENTRO,(18)3862-3280
PACAEMBU,Centro de Progressao Penitenciaria de Pacaembu,ROD COMANDAN JOAO RIBEIRO DE BARROS 615,SAO SIMAO,(17)3587-1164
PALMARES PAULISTA,UBS III Olavo Domingues,RUA 7 DE SETEMBRO 342,CENTRO,(18)3351-1033
PALMITAL,CENTRO DE SAUDE DR NELSON DA CUNHA BASTOS,RUA FRANCISCO SEVERINO DA COSTA 677,CENTRO,(18)3361-5144
PARAGUAÇU PAULISTA,CAPS,RUA SANTOS DUMONT 1476,VILA AFINNI,(18)3361-7463
PARAGUAÇU PAULISTA,CS de Paraguaçu Paulista,RUA MARECHAL COSTA E SILVA 551,JARDIM TENIS CLUBE,(18)3361-7391
PARAGUAÇU PAULISTA,ESF II - Barra Funda,RUA RUI FERREIRA DA ROCHA 550,BARRA FUNDA,(18)3361-7411
PARAGUAÇU PAULISTA,ESF IV - Roseta,RUA MANOEL BARBOSA DA CRUZ s/n,ROSETA,(12)3974-0233
PARAIBÚNA,CSII Dr Osvaldo Finck - USF Centro Paraibuna,TRAVESSA IRMA LE CONT s/n,CENTRO,(17) 3567-9040
PARAÍSO,UBS Paraiso,R SÃO PEDRO 705,CENTRO,(14)3713-1610
PARANAPANEMA,CS III de Paranapanema,RUA JOSE BERNARDO 235,CENTRO,(18)3582-1358
PARAPUÃ,CS GILBERTO MIRANDA CABRAL DE PARAPUA,RUA NATAL 928,CENTRO,(16) 3145-1526
PATROCÍNIO PAULISTA,CS III,RUA TENENTE JOAQUIM CANDIDO 1727,CENTRO,(15)1938-7456
PAULINIA,UBS Centro ( Governador Laudo Natel),RUA PRES COSTA E SILVA 444,NOVA PAULINIA,(19)3874-5673
PAULINIA,UBS Jd Planalto ( Edith Pavlú Gatti),AVN JOAO ARANHA 1598,JAD PLANALTO,(19)3884-3562
PAULINIA,UBS Monte Alegre ( João Ervásio Bergamin),AVN ANTONIO BATISTA PIVA 1220,JAD MONTE ALEGRE III,(19)3933-2436
PAULINIA,UBS Sao Jose Luis Candido Canella Sanches,AVN REGINA BASSETO BORDIGNON 100,JOAO ARANHA,(17)3802-9209
PAULO DE FARIA,CSII Marciana Silveira Pereira,RUA QUINZE DE NOVEMBRO 758,CENTRO,(11) 4037-1277
PEDERNEIRAS,CENTRO DE ATENÇAO PSICOSSOCIAL,RUA XV DE NOVEMBRO N 57,CENTRO,(14) 3284-4442
PEDRA BELA,CS Angelina Sant' Ana Schievenin,Rua Bernardino de Lima Paes 45,CENTRO,(19) 38932573
PEDREIRA,CENTRAL MUNICIP DE SAUDE DR EUCLIDES NERY JUNIOR,Av Miguel sarkis 50 CEP: 13920-000,Pq Industrial Pedreira,(18)3249-1000
PEDRINHAS PAULISTA,CIAS DR JORGE BELOTTI PEDRINHAS PAULISTA,RUA DA CIENCIA 388,CENTRO,(18)3652-5520
PENÁPOLIS,Unidade Integrada de Saúde Mental,AVN RUI BARBOSA 605,CENTRO,tel (18)3704-2329
PEREIRA BARRETO,Centro de Saúde Dr. Dermival Franceschi,RUA DR DERMIVAL FRANCESCHI 1826,SEDE,(18)3704-1668
PEREIRA BARRETO,UBS Antonio Domiciano Barbosa,RUA CYRO MAIA s/n,LAPINHA,(18)3704-4320
PEREIRA BARRETO,UBS Celestino de Carvalho,RUA BENIGNO LOPES s/n,JARDIM IPE,tel (18)3704-4791
PEREIRA BARRETO,UBS Dr. José Alexandrino Filho,AV DOM PEDRO II 2565,SEAC,(18)3704-4099
PEREIRA BARRETO,UBS II- COHAB,RUA YUKIO AKIYAMA S/N,TEOTONIO B VILELA,(18)3746-1246
PEREIRA BARRETO,UBS Valter Gatti,RUA CEL BASILEU ESTRELA s/n,LOTEAMENTO NOVA VENE,(14) 3888-1771
PEREIRAS,PSF VILA DOS SONHOS,RUA DAS HORTÊNCIAS Nº 106 CEP 18580-000,VILA DOS SONHOS /PEREIRAS,(18)3693-1300
PIACATU,UBS III - Piacatu,RUA ALEXANDRE FLEMING 531,CENTRO,telefone não informado
PIEDADE,Caps II,RUA BENJAMIN CONSTANT 35,CENTRO,telefone não informado
PINDAMONHANGABA,CAPS- Ad,RUA MAJOR JOSE DOS SANTOS MOREIRA 28,CHACARA GALEGA,(17) 3572-3550
"PINDORAMA,CS ""Odilon Siqueira"",RUA SETE DE SETEMBRO 817,CENTRO,(11) 4018-4129"
PINHALZINHO,UBS MARIA APARECIDA CRISPIM,RUA LUIS TORICELLI N° 200,LIMAO JD,telefone não informado
PIQUEROBI,POSTO DE SAUDE DR CRISTOVAN RUTHILLER T MACIEL,RUA OLAVO BILAC 166,CENTRO,(11)4036-2720
PIRACAIA,CS Dr José Fonseca Rosas,RUA JAN ANTONIN BATA 06,CENTRO,(19) 3415-3342
PIRACICABA,USF BOA ESPERANCA I,AV CORCOVADO 2030,MARIA CLAUDIA,(19) 3425-5967
PIRACICABA,USF BOA ESPERANCA II,RUA CUPUACU 340,BOA ESPERANCA,(19) 3411-6520
PIRACICABA,AMBULATORIO DE SAUDE MENTAL AD DO CAMPESTRE,RUA MOACIR CORREA 155,CAMPESTRE,(19) 3424-2092
PIRACICABA,USF CECAP,ALAMEDA MELVIN JONES 55,CECAP,(19) 3411-1578
PIRACICABA,USF CHAPADO II SOL NASCENTE,RUA EMBUGUACU 71 13425-718,SOL NASCENTE,(19) 3422-5773
PIRACICABA,USF SANTA FE,RUA PROF. LAURA FERRAZ DE CAMPOS FERRARI 550,SANTA FE,(19) 3413-7791
PIRACICABA,UNIDADE DE SAUDE DA FAMILIA KOBAYAT LIBANO PIRACICABA,Av. Francisco Antonio Perin 987,Kobayat Líbano,(19) 3402-7771
PIRACICABA,USF SANTA ROSA I,RUA JOSE JACIR MORETTI 270,LOTEAMENTO SANTA ROS,(19) 3433-4604_
PIRACICABA,USF TATUAPE II,RUA PRESIDENTE WASHINGTON LUIS 423,TATUAPE II JD,(19) 3411-2268_
PIRACICABA,USF JARDIM ORIENTE,RUA LUIZ PEREIRA LEITE S/Nº,ORIENTE JD,(19)3426-0060
PIRACICABA,UNIDADE DE SAUDE DA FAMILIA CAMPESTRE PIRACICABA,AVENIDA LARANJAL PAULISTA 4090,CAMPESTRE,(19)3434-3732
PIRACICABA,UNIDADE DE SAUDE DA FAMILIA IAA,R JOAO PEDRO CORREA 810,Santa Terezinha,(19) 3403-1270
PIRACICABA,UNIDADE DE SAUDE DA FAMILIA IAA II,Rua Joao Pedro Correa 408,Santa Terezinha,(19) 3425-3557
PIRACICABA,USF ITAPUA II PIRACICABA,RUA CAFELANDIA 88,JARDIM TOQUIO,(19)3422-9833
PIRACICABA,USF JARAGUA I PIRACICABA,RUA PROFESSOR MARIANO DA COSTA 380,JARAGUA,(19)3428-9919
PIRACICABA,USF JARDIM ASTURIAS PIRACICABA,R SARGENTO JOSE CARLOS RIBEIRO 498,JARDIM ASTURIAS,(19)3433-8196
PIRACICABA,USF JARDIM VITORIA PIRACICABA,AVENIDA CONCHAS 550,JARDIM VITORIA,(19)3423-2450
PIRACICABA,USF SAUDE EM CAMPO PIRACICABA,VIA COMENDADOR PEDRO MORGANTE 155,MONTE ALEGRE,(19)3411-1883
PIRACICABA,USF 1 DE MAIO PIRACICABA,RUA AUGUSTO GOMES DA SILVA 40,AGUA BRANCA,(19)3413-2823
PIRACICABA,USF SANTA ROSA II PIRACICABA,RUA MILTON TEIXEIRA DE SÁ 220,LOTEAMENTO SANTA ROSA,(19) 3426-1714
PIRACICABA,UNIDADE DE SAUDE DA FAMILIA COSTA RICA,RUA SOFIA 80 CEP 13401-658,COSTA RICA JD,(19) 3424-1977
PIRACICABA,UNIDADE DE SAUDE DA FAMILIA SANTANA,RUA SAO JORGE s/n,Santana,(19) 3425-0376
PIRACICABA,USF SAO FRANCISCO,RUA UCHOA 488 CEP 13423-470,JD SAO FRANCISCO,(14)3351-7533
PIRAJU,PSF Vila Tibiriçá,RUA NORBERTO DEL AGNOLO 116,VILA TIBIRICA,(17)3386-1611
PIRAJUI,CENTRO DE SAÚDE DE PIRAUI,RUA RIACHUELO 910 CEP16.600-029,CENTRO,(14)3572-1030/ 3572-4263/ 3584-5000/ 3584-5212
PIRANGI,CS Pirangi,RUA DR CAMPOS SALLES 1319,CENTRO,(19)3562-8565
PIRASSUNUNGA,CAPS AD Pirassununga,RUA JOAO MANUEL PINTO 320,VILA PINHEIRO,(18)3354-1105
PLATINA,CENTRO DE SAUDE DE PLATINA,RUA SEBASTIAO MOREIRA DA ROCHA 310,CENTRO,(17)3819-1301
POLONI,UBS de Poloni,RUA ANTONIO MENDES 140,CENTRO,(14)3405-1549
POMPÉIA,USF Dr Aldo de Oliveira Lino,AVN ANTONIO ROSA 92,VILA DE PAULOPOLIS,(14)3405-1548
POMPÉIA,USF Dr Elysio Prado Moreira,RUA EPAMINONDAS DE TOLEDO PIZZA 392,FLANDRIA,(14)3405-1544
POMPÉIA,USF DR FLAVIO DE FARIA JORDAO,AVN NESTOR DE BARROS s/n,TUFIC BARACAT,(14)3405-1546
POMPÉIA,USF JOAO NASCIMENTO TELLES,RUA SHINJI HAMAZAKI 476,FLANDRIA,(14)3405-1547
POMPÉIA,USF LUIZ PADILHA DE OLIVEIRA,RUA DR JOSE DE MOURA RESENDE 470,CENTRO,(14)3581-1130
PONGAÍ,CS III de Pongai,AVN JOAO FRANCISCO ALVES 277,CENTRO,(17) 36391183
POPULINA,CS DE POPULINA,Rua RUA CEARA 1408 Populina CEP: 15670-000,CENTRO,(15)3261-3458
PORTO FELIZ,Ambulatório de Saude Mental de Porto Feliz,RUA ALTINO ARANTES 309,CENTRO,(15)3262-9017
PORTO FELIZ,ESF Agro-Vila Caic Jose Berandino,ZONA RURAL s/n,INDAIATUBA,(15)3262-2215
PORTO FELIZ,ESF Dr Walter Castelucci,RUA JOSE TEODORO ALMEIDA 210,JAD VANTE,(15)3262-4856
PORTO FELIZ,PSF Dr Antonio Pires de Almeida,RUA JOAO MARINONIO DE CAMARGO 555,JAD EXCELSIOR,(15)0262-2215
"PORTO FELIZ,PSF Dr Francisco Moreira Junior,RUA MANOEL ITAGIBA DE ALMEIDA 153,VIL AMERICA,""(15) 3262-2921 """
PORTO FELIZ,UBS Dr Jose Sacramento e Silva,RUA ANGELO DIANA 180,BAMBU,(17)3827-9300
POTIRENDABA,CS Cesarino Benfati,RUA CARMO TURANO 772,CENTRO,(18) 3262-6540
PRESIDENTE BERNARDES,CS II Dr Jose da Silva Guerra,RUA ARTHUR HIDEK YANAY 72,VILA OCIDENTE,(18) 3281-2211
PRESIDENTE EPITÁCIO,CS II,SAO PAULO 125,CENTRO,(18)3907-6753
PRESIDENTE PRUDENTE,CAPS AD III CENTRO DE ATENCAO PSIC ALCOOL E DROGAS,RUA DOS IPES ROXOS 490,COHAB,(18) 3229-5388
PRESIDENTE PRUDENTE,FCT/ UNESP - CAMPUS DE PRESIDENTE PRUDENTE,RUA ROBERTO SIMONSEN 305,CENTRO EDUCACIONAL,(18)3902-2111
PRESIDENTE PRUDENTE,HOSPITAL PSIQUIATRICO ESPIRITA BEZERRA DE MENEZES,EST BEZERRA DE MENEZES 1,UMUARAMA,(18)3272-2420
PRESIDENTE VENCESLAU,CAPS CENTRO DE ATENCAO PSICOSOCIAL,AVENIDA ELZIRA BARUTA BRANQUINHO 340,CONJUNTO HABITACIONA,(14)3541-7000
PROMISSÃO,Ambulatorio Saúde Mental de Promissão,AV SILVANO FARIA 42,CENTRO,(15)3253-9030
QUADRA,UBS Orlando de Oliveira,RUA JOAQUIM PAIFER SOBRINHO 256,JD SANTO ANTONIO,(18) 3366-7571
QUATÁ,CAPS I DE QUATA,RUA JOSÉ GONÇALVES DE ALMEIDA 322,CENTRO,(14)3488-1422
QUINTANA,USF II DE QUINTANA,RUA FRANCISCO MELEIRO s/n,GREGORIO LICORIO,(14)3488-1191
QUINTANA,USF Novos Horizontes,AVENIDA MARILIA 490,VILA CAMPANTE,(18)3265-9110
RANCHARIA,UBS III DE RANCHARIA,RUA DUQUE DE CAXIAS 740,VILA YOLANDA,(18)3279-4061
REGENTE FEIJÓ,PSF Fepasa,RUA SAO BENTO s/n,VILA SAO BENTO,(14)3589-9100
REGINÓPOLIS,CS III Reginópolis,AVENIDA PADRE ANCHIETA 441,CENTRO,(13)3821-2239
REGISTRO,USF ALAY CORREA REGISTRO,RUA JOSE GROSSI FILHO 421,RUA JOSE GROSSI FILHO,(16)3143-1109
RESTINGA,CS Restinga,RUA OLIVIA MARTINS FERREIRA 620,CENTRO,(16)3749-1121
RIBEIRÃO CORRENTE,ESF DE RIBEIRAO CORRENTE,FLORENÇO DE ABREU 903,CENTRO,(18)3261-6124
RIBEIRÃO DOS ÍNDIOS,UBS II DO RIBEIRAO DOS INDIOS,RUA JOAO DEFENDE 95,CENTRO,(16)3602-7100
RIBEIRÃO PRETO,CAPS 3 - Dr Andre Santiago,Rua Pará 1280,IPIRANGA,(16) 3622-2100
RIBEIRÃO PRETO,CAPS AD Ribeirão Preto,Rua Pará  1310,IPIRANGA,(16)3315-0001
RIBEIRÃO PRETO,CEREST PROF DR ROBERTO SALLES MEIRELLES,RUA VISCONDE DE INHAUMA 68 -CEP: 14015-000,CENTRO,(16)3964-6444
RIBEIRÃO PRETO,CS Escola Joel Domingos Machado UBS Sumarezinho,RUA TEREZINA 690,SUMAREZINHO,(16)3602-7100
RIBEIRÃO PRETO,HOSPITAL ESTADUAL DE RIB PRETO DR CARLOS EDUARDO MARTINELLI,AV INDEPENDENCIA 4750,JARDIM CALIFORNIA,(16)3633-4070
RIBEIRÃO PRETO,CENTRO DE REFERENCIA EM ESPECIALIDADES CENTRAL RIB PRETO,RUA PRUDENTE DE MORAIS 35 - CENTRO CEP: 14015-100,CENTRO,(16)36322664
RIBEIRÃO PRETO,NSF Profª Dª Vera Heloísa Pileggi Vinha,RUA MARTIN AFONSO DE SOUZA 1133,VILA MARIA LUIZA,(16)3977-7100
RIBEIRÃO PRETO,NUCLEO GESTAO ASSISTENCIAL 59 RIBEIRAO PRETO,RUA MINAS 895,CAMPOS ELISEOS,(16)3605-5000
RIBEIRÃO PRETO,UBDS DR JOAO BAPTISTA QUARTIM CENTRAL,AVN JERONIMO GONCALVES 466,CENTRO,(16) 3919-4400
RIBEIRÃO PRETO,UBDS Dr Marco Antonio Sahaao -Vila Virginia,Rua Franco da Rocha1270,VILA VIRGINIA,(16)3976-3004
RIBEIRÃO PRETO,UBS MARIO RIBEIRO DE ARAUJO VALENTINA FIGUEIREDO,RUA FRANCISCO HENRIQUE LINO DA ROCHA 26,VALENTINA FIGUEIREDO,(16)3931-2325
RIBEIRÃO PRETO,UBS Prof Dra Maria Herbenia o Duarte CSE Vila Tibério,Rua Gonçalves Dias 790,VILA TIBERIO,(16)3630-6964
RIBEIRÃO PRETO,UBS Wilma Delphina de Oliveira Garotti - UBS Vila Tibério,RUA VINTE E UM DE ABRIL 779,VILA TIBERIO,(16)3638-2289
RIBEIRÃO PRETO,USF DR ALBERTO RAUL MARTINEZ ESTACAO DO ALTO,RUA JOAO DELIBO 820,QUINTINO FACCI II,(16)3966-4658
RIBEIRÃO PRETO,USF Dr Alvaro de Oliveira Paiva -Jd Paiva,RUA FRANCISCO PEIXOTO 195,JARDIM PAIVA,(16) 3633-4595
RIBEIRÃO PRETO,USF DR Gilson de Cassia Marques de Carvalho -Núcelo 6,Rua Blumenau 345,ALTO DO IPIRANGA,(16) 3636-3280
RIBEIRÃO PRETO,USF DR Vinicio Plastino Jardim Marchesi,Rua Professor Renato Jardim 925,JARDIM MARCHESI,(16)3976-1595
RIBEIRÃO PRETO,USF ERNESTO CHE GUEVARA CASA GRANDE,Rua Paulo Gerardi 350,JD MARIA CASAGRANDE,(11)2553-2240
RIBEIRÃO PRETO,USF CESAR AUGUSTO ARITA JD PAULO GOMES ROMEO,RUA VICTOR JOAO CASTANIA 960,PAULO GOMES ROMEO,(16) 3919-1919
RIBEIRÃO PRETO,USF ENFª MARIA TERESA ROMAO PRATALI NUCLEO II,Rua Dr Antônio José Moreira 164 CEP: 14055-320,SUMAREZINHO,(16) 3966-1750
RINÓPOLIS,CAPS AD II GUAIANASES,RUA PROFESSOR FRANCISCO PINHEIRO 139,GUAIANASES,(19) 3534-4975
RIO CLARO,UBS PSF DR DIRCEU FERREIRA PENTEADO,Rua 8 1012,JARDIM NOVO I,(19)3532-1938
RIO CLARO,CENTRO DE ESPECIALIDADES EM SAUDE MENTAL CESM,RUA 12 175,CONSOLACAO,(19)3532-5783
"RIO CLARO,PSF Jd DAS FLORES "" Dr Moacir de Oliveira Camargo"",Av M51 S/N,RES DAS FLOR JD,(17) 3291-1289"
RIOLANDIA,CS DE RIOLANDIA,Avenida Treze 1.553,CENTRO,(12) 3646-9441
ROSEIRA,UNIDADE MISTA DE SAUDE DE ROSEIRA DR PAULO GUIMARAES CASTRO,Rua Duque de Caxias nº S/N -,CENTRO,(18)3697-1128
RUBIÁCEA,UBS III,RUA FRANCISCO DE PAULA LEITE NOGUEIRA 208,CENTRO,(17) 3661-1391
RUBINEA,CS DE RUBINEA,AVENIDA OLAVO BILAC 791,CENTRO,(18) 3558-1115
SAGRES,USF DE SAGRES,RUA VER FRANCISCO PEREIRA 640,CENTRO,(16)3852-0207
SALES DE OLIVEIRA,Centro de Saúde III,CAPITAO VITAL PEREIRA LIMA 160,CENTRO,(16)3582-1500
SALES DE OLIVEIRA,PSF I,AVN MOGIANA s/n,CENTRO,(11)4021-3794
SALTO,CAPS AD,Rua José de Arruda Mello 19,Jd. Maria José,(11) 4840-8315
SALTO DE PIRAPORA,PSF Campo Largo,PEDRO PIRES DE MELLO 1115,CAMPO LARGO,(15)3292-3875
SALTO DE PIRAPORA,PSF Paulistano,RUA LUIZ CARLOS DE ABREU 200,JD PAULISTANO,(14)3378-1664
SALTO GRANDE,USF Lauro Galvão - UBS CIDINHA LEITE,RUA RUI BARBOS 999,CENTRO,(18)3277-1105
SANDOVALINA,UBS II Sandovalina,RUA ANTONIO SOARES PAIVA 1268,CENTRO,(17) 36331272
SANTA ALBERTINA,CS Santa Albertina III,Rua Pedro Prudente de Moraes 850 CEP: 15750-000,CENTRO,telefone não informado
SANTA BARBARA D OESTE,Centro Médico,RUA GRACA MARTINS 45,CENTRO,(12) 3972-0012
SANTA BRANCA,CS II DE SANTA BRANCA BENEDITO MARCONDES,Praça João Samuel de Oliveira 26,CENTRO,(17)3663-1109
SANTA CLARA D OESTE,CS III Santa Clara d Oeste,RUA ANTONIO FACINCANI 385,CENTRO,(19) 3567-1286
SANTA CRUZ DA CONCEIÇÃO,UBS DR JOSE TADEU MOURAO,RUA GABRIEL FRANCISCO 370,VL INDEPENDÊNCIA,(16)3666-1179
SANTA CRUZ DA ESPERANÇA,UBS Orlanda Araujo da Silva - ESF santa Cruz da Esperança,RUA GILBERTO RODRIGUES XAVIER 70,VILA SAO PAULO,(14)3372-8021
SANTA CRUZ DO RIO PARDO,USF DR APARECIDO RODRIGUES MOUCO SCRPARDO,JD EUDORADO 800,JD EUDORADO,(14)3372-7116
SANTA CRUZ DO RIO PARDO,USF DR SAMUEL MARTINS FIGUEIRA SCRPARDO,RUA JOSE AMORIM RIBEIRO s/n,VIL FABIANO,(17)3631-3417
SANTA FÉ DO SUL,NIAS NUCLEO INTEGRADO DE ATENCAO A SAUDE,RUA CINCO 996,CENTRO,(17)3631-1520
SANTA FÉ DO SUL,NUCLEO DE ATENCAO A SAUDE SANTA FE DO SUL,RUA 07 585,CENTRO,(19)3545-3757
SANTA GERTRUDES,PSF BOM SUCESSO STA GERTRUDES,RUA SAO PEDRO 346,JD LUCIANA,
SANTA GERTRUDES,UBS PSF CATARINA CAETANO DEMARCHI DE SANTA GERTRUDES,RUA OLAVO BASSO 535,JEQUITIBAS,(19)3584-8352
SANTA RITA DO PASSA QUATRO,CAPS Santa Rita do Passa Quatro,AVENIDA PADRE PIO CORSO 1523,JARDIM,(18)3263-1900
SANTO ANASTÁCIO,UBS II DOUTOR ORLANDO BERTOLLI,PRACA DOUTOR LUIZ RAMOS E SILVA 73,CENTRO,(18)3639-9595
SANTO ANTÔNIO ARACANGUÁ,CS II Santo Antonio Aracangua,AVENIDA DOS EUGENIOS 451,JARDIM TRIANGULO,(19) 3896-5101
SANTO ANTÔNIO DE POSSE,PSF Atílio Bergo,Rua Dr Eduardo Bergo 330,Vila Esperança,telefone não informado
SANTO ANTÔNIO DE POSSE,Unidade Integrada de Saude,RUA JOAQUIM DE BARROS ARANHA 112,CENTRO,(18)3267-1249
SANTO EXPEDITO,UBS III EULINA RAMOS PASSOS SANTO EXPEDITO,RUA DR ARMANDO NOVAIS JUNIOR 208,CENTRO,(13)3226-9900
SANTOS,SEAMBESP Centro,AVENIDA CONSELHEIRO NEBIAS 199,VILA NOVA,(13)32032907
SANTOS,SEAMBESP Zona Noroeste,RUA PROFESSOR LUIZ GOMES CRUZ s/n,JARDIM CASTELO,(13)3231-6548
SANTOS,SEUB da Aparecida,AV PEDRO LESSA 1728,APARECIDA,(13)32998988
SANTOS,SEUB do Rádio Club,Av Hugo Maia s/n Santos CEP: 11088001,JAD RADIO CLUBE,(13)3284-0605
SANTOS,SEUB Gonzaga,RUA DOUTOR ASSIS CORREA 17,GONZAGA,(13)3258-6902
SANTOS,SEUB Nova Cintra,RUA JOSE OZEAS BARBOSA s/n,MORRO DA NOVA CINTRA,(13)3261-2762
SANTOS,SEUB Ponta Praia,PRACA 1 DE MAIO s/n,PONTA DA PRAIA,(13)3299-5063
SANTOS,SEUB São Manoel,PRACA NICOLAU GERAIGIRE s/n,JARDIM SAO MANOEL,(13)3222-4290
SANTOS,SEUB Vila Mathias,RUA XAVIER PINHEIRO284,VILA MATHIAS,tel (13)3272-1140
SANTOS,UBS Embaré,PRACA CORONEL FERNANDO PRESTES s/n,EMBARE,(13)3299-7669
SANTOS,USF Bom Retiro,RUA JOAO FRACAROLLI s/n,SANTA MARIA,(13)3268-1358
SANTOS,USF Caruara,RUA ANDRADE SOARES 800,CARUARA,(13)3222-3998
SANTOS,USF Centro Histórico - Vila Nova,PRACA IGUATEMI MARTINS 29,VILA NOVA,(13)3232-2300
SANTOS,USF Martins Fontes,RUA DONA LUIZA MACUCO 40,VILA NOVA,(13)3352-2001
SANTOS,USF Monte Cabrao,RUA PRINCIPAL s/n,MONTE CABRAO,(13)3222-3913
SANTOS,USF Morro São Bento,RUA DAS PEDRAS s/n,MORRO SAO BENTO,(13)3296-2679
SANTOS,USF Penha,RUA TRES 150,MORRO PENHA,(13)3223-4318
SANTOS,USF Piratininga,PRACA JOAO MENDES DE MORAES s/n,JARDIM PIRATININGA,(13)3299-8314
SANTOS,USF Sao Jorge e Caneleira,RUA FRANCISCO FERREIRA CANTO 351,CANELEIRA,(16)3374-1617
SANTOS,SEUB DE SAUDE DO CAMPO GRANDE,RUA DOUTOR CARVALHO MENDONCA 607,CAMPO GRANDE,(13) 3239-3039
SANTOS,USF DO MORRO JOSE MENINO SANTOS,RUA DR CARLOS ALBERTO CURADO 77,MORRO JOSÉ MENINO,(13) 3251-9424
SANTOS,USF MONTE SERRAT,PRAÇA CORREA DE MELO 42,CENTRO,(13) 3221-8316
SÃO CARLOS,USF ARNON DE MELLO,Av Gildeney Carreri 391,CONJUNTO HABITACIONA,(16)6337-1525
SÃO CARLOS,USF Jardim São Carlos,RUA TREZE DE MAIO 1173,JD SAO CARLOS,(16)3374-9141
SÃO CARLOS,USF SANTA ANGELINA,Rua Padre José de Mambro 104,Sta Angelina,(16) 3378-3355
SÃO CARLOS,USF Agua Vermelha,Rua Bela Cintra 05,CENTRO,(16) 3375-5065
SÃO CARLOS,USF CIDADE ARACY EQUIPE I,Rua Hilário Martins Dias s/n,CENTRO,(16) 3375-5220
SÃO CARLOS,USF ANTENOR GARCIA,Av. Tetracampionato950,CIDADE ARACY,(17)3693-1124
SÃO FRANCISCO,UBS USF Sao Francisco,RUA SAO PAULO 1374,CENTRO,(19) 3631-7775
"SÃO JOÃO DA BOA VISTA,Centro de Especialidades Dr Joao Batista Figueiredo Costa,Rua Joao Francisco Valim 42,JD. SANTA RITA,""(19) 36333200 """
SÃO JOÃO DA BOA VISTA,Ambulatorio de Saude Mental,RUA SILVIANO BARBOSA 54,PERPETUO SOCORRO,(17)3875-6151
SÃO JOÃO DO IRACEMA,UBS Sao joao de iracema Joao Roberto,RUA DEP ULISSES GUIMARAES 361,CENTRO,(16)3811-0476
"SÃO JOAQUIM DA BARRA,CAPS I - Prof Alexandre Dezem,RUA BELA VISTA 180,VILA DEIENO,""(16)3142-1707 """
SÃO JOSÉ DA BELA VISTA,ESF Centro,CORONEL JOSE ESTEVES 1525,CENTRO,(12)3117-1252
SÃO JOSÉ DO BARREIRO,PSF Urbano,PRACA ADELINO FIGUEIREDO s/n,CENTRO,(12)3921-7219
SÃO JOSÉ DOS CAMPOS,UBS Centro II - SJC,AVENIDA TIVOLI 195,VILA BETANIA,(12) 3905-1005
SÃO JOSÉ DOS CAMPOS,UBD EUGENIO DE MELO,RUA CHICO BUQUIRA 411 12247-550,GALO BRANCO,(12) 3944-11333
SÃO JOSÉ DOS CAMPOS,UBS PARQUE INTERLAGOS,RUA UBIRAJARA R DE SOUZA 225,TORRAO DE OURO,(12) 3912-2872
SÃO JOSÉ DOS CAMPOS,UBS JARDIM AMERICANO,RUA JULIA CURSINO 161,JARDIM AMERICANO,(12) 3917-3496
SÃO JOSÉ DOS CAMPOS,UBS JARDIM SATÉLITE,AV ANDROMEDA 1960 12230-971,JARDIM SATELITE,(12) 3907-1472
SÃO JOSÉ DOS CAMPOS,UBS PARAISO DO SOL,RUA JOÃO G B NETO 172,PARAISO DO SOL,(12) 3636-1938
SÃO JOSÉ DOS CAMPOS,UBS BOSQUE DOS EUCALIPTOS,RUA MARIA PALMIRA FERREIRA IVO 155,BOSQUE DOS EUCALIPTOS,(12) 3907-1793
SÃO JOSÉ DOS CAMPOS,UBS NOVO HORIZONTE,AV TANCREDO NEVES 5500,NOVO HORIZONTE,(12) 3931-4735
SÃO JOSÉ DOS CAMPOS,UBS LIMOEIRO,RUA CORIFEU A MARQUES3350,LIMOEIRO,(12) 3913-5519
SÃO JOSÉ DOS CAMPOS,CAPS ALCOOL E DROGAS,SEBASTIÃO HUMEL 785,CENTRO,(12) 3941-2540
SÃO JOSÉ DOS CAMPOS,UBS JARDIM PAULISTA,RUA MARTINS PEREIRA 263,JD PAULISTA,(12) 3944-1091
SÃO JOSÉ DOS CAMPOS,UBS PUTIM,RUA ROBERTO APARECIDO CRUZ 100,SANTO ONOFRE,(12) 3929-1309
SÃO JOSÉ DOS CAMPOS,UBS JARDIM SANTA INES II,RUA DOS CIRURGIOES DENTISTA 215,JARDIM SANTA INES II,(12) 3944-2404
SÃO JOSÉ DOS CAMPOS,UBS SÃO JUDAS TADEU,RUA SÃO NICOLAU 10 12228-430,SAO JUDAS TADEU,(12) 3943-2266
SÃO JOSÉ DOS CAMPOS,UBS VILA MARIA,RUA SÃO PEDRO 55,MARIA VL,(12) 3921-5859
SÃO JOSÉ DOS CAMPOS,UBS VILA NAIR,RUA SUECIA 50,NAIR JD,(12) 3929-7821
SÃO JOSÉ DOS CAMPOS,UBS VILA TESOURO,PRAÇA ASSIS CHATEUBRIAND 110,TESOURO VL,(12) 3966-3399
SÃO JOSÉ DOS CAMPOS,UBS DOM PEDRO I,JOSE EUGENIO DA SILVA 510,RES. DOM PEDRO,(12) 3966-3103
SÃO JOSÉ DOS CAMPOS,UBS COLONIAL,JOSE RIBEIRO BASTOS 185,COLONIAL JD,(19)3682-7863
SÃO JOSÉ RIO PARDO,ESF Vale do Redentor,RUA JOAO FERNANDES DA SILVA s/n,VALE DO REDENTOR,(17)3226-3033
SÃO JOSÉ RIO PRETO,Centro de Saude Escola Parque Estoril,RUA CAETANO ELZO ROGERIO 1800,ESTORIL PQ,(17)3215-3601
SÃO JOSÉ RIO PRETO,ESF Jardim Felicidade - Dr Joao Roberto Antonio I,RUA MARGINAL 02,FELICIDADE JD,(17)3201-5000
SÃO JOSÉ RIO PRETO,HOSPITAL DE BASE DE SAO JOSE DO RIO PRETO,AVN BRIGADEIRO FARIA LIMA 5544,SAO PEDRO,(17)3206-2088
SÃO JOSÉ RIO PRETO,UBS Santo Antonio,RUA IDA TAGLIAVINI POLACHINI 580,SANTO ANTONIO JD,(17)3238-1227
SÃO JOSÉ RIO PRETO,UBS Vila Toninho,RUA ODILON AMADEU 610,TONINHO VL,(17)3224-9389
SÃO JOSÉ RIO PRETO,UBSF JARDIM AMERICANO,AV ANTONIO TAVARES PEREIRA LIMA 755,AMERICANO JD,(17)3219-9320
SÃO JOSÉ RIO PRETO,UBSF Solo Sagrado,AV BEATRIZ DA CONCEICAO 406,SOLO SAGRADO,(12) 3671-1107
SAO LUIS DO PARAITINGA,CENTRO DE SAUDE II SAO LUIS DO PARAITINGA,Rua Coronel Domingue de Castro 454,CENTRO,(14) 3841-5329
SÃO MANUEL,UBS Dr Wesley Fabiano dos Santos,Antonio Serafim 150 - cep: 18650-000,AYRES VL,(15)3279-8150
SÃO MIGUEL ARCANJO,USF DR FABIO CESAR DE MORAES SAO MIGUEL ARCANJO,RUA MANOEL FOGACA 861,CENTRO,(19)3481-9396
SÃO PEDRO,PSF ALPES DAS AGUAS SAO PEDRO,VITORIA REGIA 2,ALPES DAS AGUAS,(19)38419374
SÃO PEDRO,PSF SAO DIMAS SAO PEDRO,Rua Sebastião Giocondo 22 - CEP: 13520-000,SÃO DIMAS,(11)47122500
SÃO ROQUE,CS MENTAL DR ANTONIO PASCHOAL DE LUCCA PAULINO,Av. John Kennedy 509,CENTRO,(19) 3646-9984
SÃO SEBASTIÃO DA GRAMA,ESF Saude Certa,RUA JOSE CARDOSO DA SILVA s/n,SAO SEBASTIAO,(16)3984-9140
SÃO SIMÃO,CSII Dr Joaquim Graciano Madruga,RUA QUINTINO BOCAIUVA 1435 CENTRO,CENTRO,(13)3469-8984
SÃO VICENTE,UBS Central,AV ANTONIO EMMERICK 509,CASCATINHA VL,(17)3837-1238
SEBASTIANÓPOLIS DO SUL,UBS Frederico Raia,RUA MAL CASTELO BRANCO 601,CENTRO,(16) 3982-1300
SERRA AZUL,Maria Rita de Jesus Queiroz,Rua Francisco Ferreira de Freitas n 370,CENTRO,(19) 3892-3809
SERRA AZUL,Hermelinda Paim da Silva,Rua Lazaro Ramalho 650,Santa Cruz,(16) 3982-1300
SERRA AZUL,ESF 2 Dr Luiz Antonio Araujo Dias,Rua Boa Ventura Vilela dos Reis 99,Cohab Sebastiao Zerbeti,(16) 3982-1692
SERRA NEGRA,ESF DO CENTRO,PRAÇA LIONS INTERNACIONAL S/N,CENTRO,(16)3987-8333
SERRANA,Ambulatorio Saude Mental Deusdedit Mega,RUA LINDOLFO MARQUES 50,JARDIM DOM PEDRO I,(16)3942-3599
SERTÃOZINHO,CAPS AD JOSE APARECIDO LELLIS SERTAOZINHO,RUA CARLOS GOMES 1354,CENTRO,(13) 3872-1278
SETE BARRAS,UNIDADE DE PSF III OURO VERDE,Rua Capitão Alberto Mendes Junior 80 11910-000,CENTRO,(19)3895-8369
SOCORRO,ESF Jd Santa Cruz Joao de Lino,RUA VEREADOR MARIO TAVARES DE TOLEDO 80,SANTA CRUZ  JD,(19) 38958369
SOCORRO,ESF Moraes,EST MUNIC DOS MORAES s/n,DOS MORAES,(19)3855-6075
SOCORRO,ESF Oratorio - Postinho,ESTRADA MUNICIPAL DO ORATORIO s/n,ORATORIO,telefone não informado
SOCORRO,ESF Rio do Peixe,EST MUNICIPAL SOCORRO MUNHOZ s/n,RIO DO PEIXE,(19)3895-1313
SOCORRO,UBS Jd. Araujo Teixeira,RUA OTAVIO ZUCATO 597,ARAUJO JD,(15)3332-9121
SOROCABA,Conjunto Hospitalar de Sorocaba,AV COMENDADOR PEREIRA INACIO 564,LAGEADO,(15)3219-2200
SOROCABA,POLICLINICA MUNICIPAL DR EDWARD MALUF SOROCABA,AV DR ROBERTO SIMONSEN 987,SANTA ROSALIA,(15)32335628/ 32218546
SOROCABA,CAPS AD III Roda Viva,Rua Padre José de Anchieta 295,CENTRO,(15)3227-2370
SOROCABA,CS Vila Haro,RUA ARISTIDES 379,HARO VL,(15)3221-1214
SOROCABA,UBS Nova Esperança,RUA PAULO MAYER CATTINI 689,NOVA ESPERANCA JD,(15)3225-1121
SOROCABA,USF Cajuru do Sul,AVENIDA PARANA 3719,CAJURU DO SUL,(15)3239-5016
SOROCABA,USF Dr Ulisses Guimaraes,RUA FERDINANDO IRINEU CORREA s/n,CONJUNTO HABITACIONAL,(15) 3233-0974
SOROCABA,UNIDADE DE SAUDE DA FAMILIA VILA SABIA SOROCABA,RUA DIONISIO BUENO SAMPAIO 91,SABIA,(15) 32331559
SOROCABA,USF Vila Barão,Rua Afonso Muraro 51,BARÃO VL,(15) 3233-1559
SUD MENUCI,UBS RUTH FERREIRA SUD MENNUCCI,AVENIDA PIONEIROS 547,CENTRO,(19)3864-1305
SUMARÉ,CIS Dr Walter Pimentel / USF CIS NOVA VENEZA,RUA PARAIBA 211,SÃO FRANCISCO JD,(19)3832-0904
SUMARÉ,PSF Salerno,RUA LINDARIO CONSTANTINO 666,ITALIA JD,(19)3832-1839
SUMARÉ,UBS Alberto Carlos Belintani,RUA ALDO DE OLIVEIRA MULLER 417,DAS NACOES PQ,(19) 3828-3928/(19) 3873-7318
SUMARÉ,UBS Picerno,RUA DA SAUDE s/n,PICERNO II,(19)3864-2576
SUMARÉ,USF Maria Antônia,RUA OSVALDO VACARI 685,MARIA ANTONIA JD,(19)3864-1302
SUMARÉ,USF São Judas,RUA CIRCULAR s/n,SÃO JUDAS TADEU,tel (18)3706-1339
SUZANÁPOLIS,UBS II Suzanapolis,RUA PRESIDENTE VARGAS 713,CENTRO,(16) 3385-1872
TABATINGA,UNIDADE DE SAUDE DA FAMILIA DA VILA SANTA CRUZ,TRAVESSA JOSE DE SOUZA JORDAO85,CENTRO,(18) 3997-1103
TACIBA,UBS II DE TACIBA,R MANOEL XAVIER 215 19590-000,CENTRO,(19)3673-9504
TAMBAÚ,CS III Dr Wilson Martins Lara,RUA TREZE DE MAIO 40,CENTRO,(19)3673-9505
TAMBAÚ,UBS Jose Pereira de Almeida,RUA JOSE DOVIGO 40 JARDIM DAS PITAS,DAS PITAS JD,(19)3673-9508
TAMBAÚ,UBS Riccieri Franco,RUA BENEDITO FERREIRA 145 CH INEZ CORSO ANDREA,CH INEZ CORSO ANDREA,(19) 3657-1656
TAPIRATIBA,Centro de Saude II Sizenando Nabuco Tapiratiba,Rua João Batista de Lima Figueiredo 393,CENTRO,(16)3958-9209
TAQUARAL,ESF Caetano Pitelli,RUA CENTRAL 530,CENTRO,(16)3252-6033
TAQUARITINGA,Ambulatorio Saude Mental Adulto,AV CAPITAO JOSE CAMARGO DE LIMA 333,SAO SEBASTIAOVL,(18)3329-1278
TARUMÃ,CLINICA DE SAUDE MENTAL DE TARUMA,AVENIDA FLAMBOYANTS 407,ARVORES,(15) 3251-3709
TATUI,ESF DR SIMEAO ORSI VILA ANGELICA,RUA JOSE ORSI 365,ANGELICA VL,(15) 3259-5167
TATUI,ESF Jd Gonzaga,RUA ANTONIO SILVERIO FERNANDES75 JARDIM GONZAGA,GONZAGA JD,(15)3251-5789
TATUI,UBS SÃO CRISTÓVÃO,PRACA DEOCACIR DE OLIVEIRA E FILHO 114 CEP: 18280018,SAO CRISTOVÃO,(15) 32514692
TATUI,ESF OTHONIEL CERQUEIRA LUZ CDHU,RUA SERGIO MASCARENHAS C BARROS s/n,CDHU,(12)3631-6645
TAUBATÉ,CAPS,RUA JUCA ESTEVES 184 CENTRO,CENTRO,(18)3282-4412
TEODORO SAMPAIO,CENTRO SAUDE WALTER VENTURA FERREIRA,JOSE MIGUEL DE CASTRO ANDRADE 1186,CENTRO,(17)3395-1144
TEODORO SAMPAIO,ESF 2 BAIRRO DA ESTACAO,RUA LUZIA RICARDO DA FOSECA SABINO 2202,ESPLANADA JD,(15)3282-3300
TERRA ROXA,CS III - Laura do Val Cervi,RUA VALENTIM SILVA 410,CENTRO,(15)3282-3311
TIETÊ,PSF do Bairro COHAB,RUA PEDRO LAZARINI 34 COHAB,COHAB,(15)3282-8419
TIETÊ,PSF do Bairro Jardim da Serra,AV SAO PAULO s/n,DA SERRA JD,(15)3282-4897
TIETÊ,PSF Povo Feliz,POVO FELIZ,POVO FELIZ,(15)3282-4732
TIETÊ,PSF São Pedro,RUA RAFAEL SIDNEY PANNUNZIO 150 SAO PEDRO,SAO PEDRO,(15)3285-9450
TIETÊ,UBS Jardim Bonanza,RUA AUGUSTO ASSIS CRUZ 160 JD BONANZA,BONANZA JD,(17) 3691-1538
TIETÊ,UBS Ruy Silveira Mello - CSII,AV XI DE AGOSTO 75 CENTRO,CENTRO,(11)4015-6218
TRÊS FRONTEIRAS,CENTRO DE SAÚDE TRÊS FRONTEIRAS,MIGUEL RENDA 154,CENTRO,(14)3441-6200
TUIUTI,CS Padre Cesar Corneo,RUA JOAQUIM SILVEIRA LIMA 129,CENTRO,(14)3441-6100
TUPÃ,AMB DE SAUDE MENTAL DE TUPA,AVN TAPUIAS 530 CENTRO,CENTRO,(18) 3851-2399
TUPÃ,AME AMBULATORIO DE ESPECIALIDADES MEDICAS DE TUPA,RUA MANDAGUARIS 970 VILA SANTA AMALIA,SANTA AMALIA VL,tel (18)3696-1223
TUPI PAULISTA,CENTRO DE ESPECIALIDADES MEDICAS DR KANJI KAWAMURA,RUA ALMIRANTE BARROSO 1115,CENTRO,(17)3667-1124
TURIÚBA,UBS Benedito Aparecido Fabricio Santos,RUA SABINA DA GLORIA 572 CENTRO,CENTRO,(17)3807-8750
TURMALINA,UBS ENFERMEIRA ANNE LARISSA LEOCI,RUA DUQUE DE CAXIAS 279 CENTRO,CENTRO,(17)3826-1273
UBARANA,UBS Maria de Oliveira Palma,RUA ARISTIDES ALVES DE LIMA 609 CENTRO,CENTRO,(17)3101-0220
UCHOA,USF Central Dr Miguel José Chaddad,AV EDUARDO HIDALGO 428 CENTRO,CENTRO,(17) 3634-3135
UCHOA,USF Dr Eduardo Lainetti,RUA FRANCISCO ABDALLA 220 SAO MIIGUEL,SAO MIIGUEL,(14) 3582-1110
URÂNIA,CS URANIA,RUA CATANDUVA 123,CENTRO,( 17) 3552-2344
URU,CS Uru III,Av. Pres. Vargas 157-237,CENTRO,(17) 3552-3016
URUPÊS,ESF Maria Jordan Marchioni,Rua Nilo Peçanha 320,Boa Vista,(17)3485-9030
URUPÊS,ESF MUNDO NOVO,RUA CONSELHEIRO ANTONIO PRADO 111,CENTRO,(19)3829-5120
VALENTIM GENTIL,ESF Central,AVENIDA CAVALIN 733 CENTRO,CENTRO,(19) 3859-2015
VALINHOS,Ambulatório de Especialidades/ Creaps,AV DOS ESPORTES 333 CENTRO,CENTRO,(19) 3829-2073
VALINHOS,Programas e Projetos,Rua Clóvis Bevilacqua 15,BELA VISTA,tel (18)3401-3459
VALINHOS,Centro de Referencia Psicossocial CREAPS,Rua Luis Moscatini 34,Capuava,(11)4598-4411
VALPARAISO,CAPS I Recomeço,RUA TENENTE LANDIM 371 PEDRO SAMUEL DA SILVA,PEDRO SAMUEL DA SILVA,(11) 4596-3334
VARGEM,CENTRO DE SAUDE DR ALBERT SABIN DE VARGEM,RUA VICENTE PEDRO DA SILVA 50,CENTRO,(11)4606-1452
VÁRZEA PAULISTA,UBS MARAJÓ,RUA ANANATUBA 268,MARAJO VL,(19)3886-2394
VÁRZEA PAULISTA,Ubs Sao Jose,GUAXUPE s/n JD CRUZ ALTA,JD CRUZ ALTA,(16)3287-1214
VINHEDO,Centro Médico Dr Manoel Matheus Netto,AV PRES CASTELO BRANCO 1375,SAO MATHEUS,telefone não informada
VISTA ALEGRE DO ALTO,Unidade Mista de Saude de Vista Alegre do Alto,AVENIDA 18 DE FEVEREIRO 27,CENTRO,(15)3243-3762
VOTORANTIM,Centro de Atenção Psicosocial Alcool e Drogas,AV LUIZ DO PATROCINIO FERNANDES 1205 RIO ACIMA,RIO ACIMA,17-34236343
VOTORANTIM,Unidade de Saude da Família Jd Tatiana,RUA ADRIANO MACIEL DE QUEIROZ s/n,TATIANA JD,(18)3694-1006
VOTUPORANGA,CAPS AD DE VOTUPORANGA,RUA JAVARI 3587,NOVA VL,17-34236343
ZACARIAS,UBS II Maria Werdekim (CS Zacarias),RUA JOSE FELIPE DE OLIVEIRA 999,CENTRO,(18)3694-1006