UNIDADE,ENDEREÇO,BAIRRO,ZONA,FONE
CS ESCOLA BARRA FUNDA ALEXANDRE VRANJAC,"Av. Dr. Abrahão Ribeiro, 283",BARRA FUNDA,CENTRO,3466-2502
UBS Boracea,"R. RIBEIRO DE ALMEIDA, 14",BARRA FUNDA,CENTRO,3392-1854 / 3392-1944
UBS BOM RETIRO OCTAVIO AUGUSTO RODOVALHO,"R TENENTE PENA, 8",BOM RETIRO,CENTRO,(11) 3222-0019
AMA COMPLEXO PRATES,Rua Prates 1101,BOM RETIRO,CENTRO,3229-8192
UBS BRAS MANOEL SALDIVA NETO,"Rua Sampson, 61",BRÁS,CENTRO,(11)2292-5453
HC DA FMUSP INSTITUTO DO CORACAO INCOR SAO PAULO (FUNDACAO ZERBINI),"AVN DR ENEAS DE CARVALHO AGUIAR, 44",CERQUEIRA CESAR,CENTRO,(11)3069-5219
Instituto Clemente Ferreira,"RUA DA CONSOLACAO, 717",CONSOLAÇÃO,CENTRO,(11)3218-8600
CAPS AD III CENTRO,"R. FREDERICO ALVARENGA - 2º ANDAR, 259","DOM PEDRO II, PQ",CENTRO,(11)3241-0901
UBS Mooca I,"R. TAQUARI, 549",MOOCA,CENTRO,(11) 2618-5255
UBS Republica,"PRAÇA DA BANDEIRA, 15",REPÚBLICA,CENTRO,3101-0812 / 3
UBS DR HUMBERTO PASCALE SANTA CECILIA,Rua Vitorino Carmilo s/nº,"SANTA CECILIA, JD",CENTRO,(11) 3826-0096
UBS Se,"R. Frederico Alvarenga, 259",SÉ,CENTRO,3101-2344/3101-3013
AMA UBS INTEGRADA AGUA RASA,"R. SERRA DE JAIRE, 1480",ÁGUA RASA,LESTE,(11) 2605-2156
UBS VILA ALPINA DR HERMINIO MOREIRA,"R. PARAMU, 398","ALPINA, VL",LESTE,(11)2917-0136
UBS V BERTIOGA DOMINGOS DELASCIO,"R. FAROL PAULISTANO, 410",ALTO DA MOOCA,LESTE,(11)2965-1066/2021-7210
UBS IGUAÇU,"Avenida do Oratório, 6557","ALZIRA, JD",LESTE,(11)2143-1077
UBS INTEGRADA VILA ANTONIETA,"R. CORONEL JOÃO DE OLIVEIRA MELO, 440","ANTONIETA, VL",LESTE,(11) 2725-3997
UBS VILA ARICANDUVA,"R. ANTONIO LINDOURO DA SILVA, 265","ARICANDUVA, VL",LESTE,(11) 2294-8853
AMA UBS INTEGRADA PADRE MANOEL DA NOBREGA,"R. IRMÃO NICOLAU DA FONSECA, 33",ARTHUR ALVIM,LESTE,Tel 2741-7296
UBS PADRE JOSE DE ANCHIETA,"AV. SILVIO TORRES, 313",ARTHUR ALVIM,LESTE,2742-1367
UBS Parque ARTHUR ALVIM,"R. HENRIQUE JACOBS, 269",ARTHUR ALVIM,LESTE,(11) 2749-4235
UBS Parque Boa Esperança,"AV. RAGUEB CHOHFI, 3826","AUGUSTO, JD",LESTE,(11)2731-6484
UBS Belenzinho - Dr Marcus Wolosker,"Av. Celso Garcia, 1749",BELENZINHO,LESTE,Tel 2292-5687
AMA UBS INTEGRADA JARDIM BRASILIA,"AV. OSVALDO VALLE CORDEIRO, 245","BRASILIA, JD",LESTE,2741-6938
UBS BURGO PAULISTA,"R. JOSÉ SILVA ALCANTARA FILHO, 1031",BURGO PAULISTA,LESTE,(11)2046-8809
AMA UBS INTEGRADA VILA CALIFORNIA ZEILIVAL BRUSCAGIN,"PÇA CONDE DE SÃO JANUÁRIO, 91","CALIFORNIA, VL",LESTE,(11)2912-9879/2917-1117
AMA UBS INTEGRADA CANGAIBA DOUTOR CARLOS GENTILE DE MELLO,"AV. CANGAIBA, 3722",CANGAIBA,LESTE,(11)2621-9507
UBS Jardim Sao Francisco,"RUA JURITI PIRANGA, 195",CANGAÍBA,LESTE,(11)2957-2808
UBS Gleba do Pessego -Vicente Fiuza da Costa,"R Malmequer do Campo, 214","CARMO, PQ DO",LESTE,(11)2522-3177
Caps Ad III Itaquera,"Rua Benedito Coelho Neto,163","CARMOSINA, VL",LESTE,3756-3732 / 3756-3733
AMA UBS INTEGRADA V CARRAO DR ADHEMAR MONTEIRO PACHECO,"R. DR JACI BARBOSA, 280","CARRÃO, VL",LESTE,(11)2781-2059
AMA UBS INTEGRADA CHACARA CRUZEIRO DO SUL ZELIA L M DORO,"Rua Mercedes Lopes, 989",CHÁC CRUZEIRO DO SUL,LESTE,2641-5130
AMA UBS INTEGRADA AGUIA DE HAIA,"RUA TANTAS PALAVRAS, 59",CIDADE A E CARVALHO,LESTE,telefone não informado
UBS ANTONIO ESTEVAO DE CARVALHO,"R. JAPANI, 7",CIDADE A E CARVALHO,LESTE,(11)2280-2373
UBS Cidade Kemel,"AV. KEMEL ADDAS, 1031",CIDADE KEMEL,LESTE,(11)2963-2346
UBS Jardim Marília,"R. ELZA DOS ANJOS NEVES, 100",CIDADE LIDER,LESTE,(11)2743-9526
UBS CIDADE PATRIARCA,"R. DR FREDERICO BROTERO, 22",CIDADE PATRIARCA,LESTE,(11)2681-6220
UBS THERSIO VENTURA,"RUA ARRAIAL DE SANTA BARBARA, 996",CIDADE PEDRO JOSÉ NUNES,LESTE,(11)2545-1026
AMA UBS INTEGRADA FAZENDA DO CARMO,"R. FRANCISCO CARDOSO JR., 10",CIDADE TIRADENTES,LESTE,2518-2152
UBS Carlos Gentile de Melo,"AV. DOS TÊXTEIS, 3765",CIDADE TIRADENTES,LESTE,(11)2282-2522
UBS CIDADE TIRADENTES LUIS MARANHAO,"AV. DOS TÊXTEIS, 512",CIDADE TIRADENTES,LESTE,Tel: 2022-8251
UBS DOM ANGELICO,"ESTRADA MANOEL OLIVEIRA RAMOS, 1",CIDADE TIRADENTES,LESTE,(11)2555-3894
UBS Ferroviarios,"R. GONÇALVES NINA, 58",CIDADE TIRADENTES,LESTE,(11)2558-6888
UBS Graficos,"R. FRANCISCO JOSE VIANA, 708",CIDADE TIRADENTES,LESTE,tel: 2285-5685
UBS Inacio Monteiro,"R. INÁCIO MONTEIRO, 3002",CIDADE TIRADENTES,LESTE,2555-6455
UBS Jardim Vitoria,"RUA LAGEDO, 123",CIDADE TIRADENTES,LESTE,(11)2964-2685
UBS Prefeito Prestes Maia,"R. INACIO PINTO LIMA, 35",CIDADE TIRADENTES,LESTE,2555-2676
UBS Profeta Jeremias,"R. LUIS BORDESE, 63",CIDADE TIRADENTES,LESTE,(11)2558-3866
AMA UBS INTEGRADA PROF DR HUMBERTO CERRUTI,"AV. OLAVO EGÍDIO DE SOUZA ARANHA, 704","CISPER, VL",LESTE,(11) 2943-9991
UBS Vila Cisper,"Rua Caculé, 79","CISPER, VL",LESTE,(11)2546-5100
AMA UBS INTEGRADA CASTRO ALVES,"R. CADERNO DE VIAGEM, 55",COHAB CASTRO ALVES,LESTE,2282-0320
UBS PREFEITO CELSO AUGUSTO DANIEL,"RUA JORGE MARACCINI PONFILIO, 210",COHAB JUSCELINO,LESTE,(11)2556-7997
UBS Jardim da Conquista I,"Rua Peramirim, 1","CONQUISTA, JD - IGUATEMI",LESTE,(11)2253-2723
UBS Santa Inês,"R. FREI FIDELIS MOTA, 1001","CRUZEIRO DO SUL, PQ",LESTE,(11) 2297-9669
UBS JARAGUA,"RUA DOMINGUES VIDIGAL, 97",CURUÇÁ,LESTE,telefone não informado
UBS Vila Curuça,"R. PEDRO MEIRA, 1","CURUÇÁ, VL",LESTE,(11) 2035-4311/2513-2255
AMA UBS INTEGRADA V ORATORIO TITO PEDRO MASCELANI,"R. JOÃO FIALHO DE CARVALHO, 35","DIVA, VL",LESTE,(11)2911-5318
UBS Santa Madalena,"R. PALMEIRA BACABA, 36","ELBA, JD",LESTE,(11) 2702-5919
UBS Jardim Eledy,"R. SEBASTIAO ADVINCULA CUNHA , 470","ELEDY, JD",LESTE,5823-4937
UBS ENG GOULART -DR JOSÉ PIRES,"R. AUGUSTO CORREIA LEITE, 538",ENG GOULART,LESTE,2038-1626
UBS Ermelino Matarazzo,"R. ANTONIO DE FREITAS TOLEDO, 170",ERMELINO MATARAZZO,LESTE,(11)2545-8235
UBS VILA PARANAGUA,"Rua José Góis Nogueira, 70",ERMELINO MATARAZZO,LESTE,(11)2943-8044
CAPS AD III PENHA,"R. ATUAÍ, 383","ESPERANÇA, VL",LESTE,2365-2223
UBS Vila Esperança - Dr Cassio Bitencourt Filho,"R. MARIA CARLOTA, 631","ESPERANÇA, VL",LESTE,(11) 2957-6630/2687-1858
UBS Vila Esperança - Dr Emilio Santiago de Oliveira,"R. COREMU, 163","ESPERANÇA, VL",LESTE,(11) 2971-5322
UBS VILA MATILDE DR RUBENS DO VAL,"R. EVANS, 729","ESPERANÇA, VL",LESTE,(11) 2653-4391/0944
UBS FAZENDA DA JUTA I,"TRAVESSA LEV LANDAU, 23 A",FAZENDA DA JUTA,LESTE,(11)2015-3459
UBS FAZENDA DA JUTA II,"AVENIDA AUGUSTIN LUBERT, 1102",FAZENDA DA JUTA,LESTE,(11)2015-3439
UBS COMENDADOR JOSE GONZALEZ,"Rua Ns. das Dores, 350","FORMOSA, VL",LESTE,2910-0235
UBS Vila Fomosa I,"R Acurui, 720","FORMOSA, VL",LESTE,(11) 2673-3404
UBS Vila Fomosa II,"Pc Marquês de Nazaré, 111","FORMOSA, VL",LESTE,(11) 2674-5246
UBS VILA SANTO ESTEVAO DR WOADY JORGE KALIL,"R. ANTONIO CAMARDO, 678","GOMES CARDIM, VL",LESTE,(11)2294-3028
UBS Butanta,"Rua Cabral de Menezes, 51","GOMES, VL",LESTE,(11)3726-1838
UBS VILA GRANADA ALFREDO F PAULINO FILHO,"R. MADALENA JULIA, 60","GRANADA, VL",LESTE,(11)2957-1194/2685-8036
CAPS AD II SAPOPEMBA,"Rua das Esterlinas, 142","GRIMALDI, JD",LESTE,(11) 2012-4129
ESF MADRE SAVINA PETRILLI,"R. PROFESSOR FRANCISCO PINHEIRO , 139",GUAIANASES,LESTE,2553-2240
UBS Guainases II,"R. COMANDANTE CARLOS RUHL, 189",GUAIANASES,LESTE,2554-4064
UBS JARDIM BANDEIRANTES,"R. PACHECO ARANHA, 4",GUAIANASES,LESTE,(11) 2557-5273
UBS JARDIM ETELVINA,"R. MANUEL TEODORO XAVIER, 138",GUAIANASES,LESTE,(11)2035-1756
UBS Vila Cosmopolita,"R. ALDEIA MARIA, 258",GUAIANASES,LESTE,(11)2555-8583/2556-7881
UBS Jardim Robru l,"AV NORDESTINA, 5593",GUAIANAZES,LESTE,(11)2035-1860
UBS Jardim Guairaca,"Rua Erva Imperial, 501","GUAIARACÁ, JD",LESTE,(11) 2702-5953
AMA UBS INTEGRADA JOSE BONIFACIO I,"AV PROF OSVALDO DE OLIVEIRA, 610","HELENA, JD",LESTE,(11)2557-5136
UBS Jardim Helian,"R. CARMEM CARDOSO BORDINI, 184","HELIAN, JD",LESTE,(11) 2521-7615
AMA UBS Integrada Jardim Nelia,"Rua Itajuíbe, 1910",ITAIM PAULISTA,LESTE,(11) 2963-3802
UBS Jardim Campos,"R. CRESCENTE, 97",ITAIM PAULISTA,LESTE,(11) 2035-4922/3808-2655
AMA UBS INTEGRADA JD DAS OLIVEIRAS,"RUA JOSE DA CRUZ CAMARGO, 174",ITAIM PAULISTA,LESTE,(11) 2568-5818
UBS Jardim Indaia,"RUA ANTONIO LEME DA GUERRA, 182",ITAIM PAULISTA,LESTE,(11)2561-7904
UBS Jardim Silva Teles,"RUA JOSE ALEXANDRE MACHADO, 541",ITAIM PAULISTA,LESTE,telefone não informado
UBS Vila Itaim,"RUA RIO MANUEL ALVES, 182",ITAIM PAULISTA,LESTE,(11)2581-3737
UBS ENCOSTA NORTE,"Rua Renata Agondi, 238",ITAIM PAULISTA,LESTE,(11) 4780-5113
AMA UBS INTEGRADA PARADA XV DE NOVEMBRO,"Rua Ibiajara, 804",ITAQUERA,LESTE,(11) 2286-0017
Casa de Saude Santa Marcelina - Hospital Itaquera,"RUA SANTA MARCELINA, 177",ITAQUERA,LESTE,(11)2070-6295
UBS ITAQUERA,"R. AMÉRICO SALVADOR NOVELLI, 265",ITAQUERA,LESTE,(11)2071-2422 / 2286-0015
UBS Jardim Copa,"Rua Ponta de Lucena, 330",ITAQUERA,LESTE,(11)2524-5020
UBS SANTO ESTEVAO CARMOSINA,"Rua Cachoeira da Ilha, 355",ITAQUERA,LESTE,(11)2523-0577
UBS Vila Nossa Senhora Aparecida,"R. PAULINO SERQUEIRA x GUAIA GUAÇU, 1",ITAQUERA,LESTE,(11) 2079-7871
UBS VILA REGINA,"RUA CATARINA LOPES, 450",ITAQUERA,LESTE,(11)2205-6003
UBS Jardim Iva,"R. MIGUEL BASTOS SOARES, 55","IVA, JD",LESTE,(11)2211-0884/2911-1006
UBS Vila Jacui,"R. EDIPO FELICIANO, 165","JACUI, VL",LESTE,(11)2297-8709
CAPS AD III SAO MIGUEL,"Rua Taiuvinha, 215","JACUÍ, VL",LESTE,2031-6956
UBS Jardim Jaqueline,"R. BONIFÁCIO VERONESE, 10","JAQUELINE, JD",LESTE,(11) 3751-1665/3751-4285
AMA UBS INTEGRADA JOSE BONIFACIO III DRA LUCY MAYUMI UDAKIRI,"R. Silvio Barbini, 40",JOSÉ BONIFACIO,LESTE,2944-6086
UBS Jardim Keralux,"R. Lucas Gonçalves, 13","KERALUX, JD",LESTE,(11) 2546-6177
UBS Guainases,"R Prof Cosme Deodato Tadeu,90",LAJEADO,LESTE,(11)2557-9571
UBS Jardim Fanganiello,"R. FRANCISCO NUNES CUBAS, 60",LAJEADO,LESTE,(11)2961-1451
UBS Vila Chabilandia,"ESTRADA DO LAJEADO VELHO, 392",LAJEADO,LESTE,(11) 2557-9571
UBS VILA RAMOS DR LUIS AUGUSTO DE CAMPOS,"AV. AUGUSTO ANTUNES, 1631",LIMOEIRO,LESTE,2052-6945
UBS Primeiro de Outubro,"TRAVESSA ACUCENA DO BREJO, 16","LOURDES, VL",LESTE,(11)(11)2035-8010
UBS Jardim Maia,"R. MARFIM VEGETAL, 108","MAIA, JD",LESTE,(11)2581-6962
UBS Mascarenhas de Moraes,"R. SARG. EDGAR LOURENÇO PINTO, 116","MAL MASCARENHAS DE MORAES, CJ",LESTE,(11) 2919-1120
UBS Jardim Campinas - Maria Amália,"Rua das Plêiades, s/n","MARIA AMÁLIA, JD",LESTE,(11)5527-3460
AMA UBS INTEGRADA VILA GUARANI,"R. TERESINHA, 123","MARINGÁ, JD",LESTE,(11) 2910-2958/2717-2732
UBS INTEGRAL JARDIM MARINGA VILA TALARICO,"R. MUANÁ, 214","MARINGÁ, JD",LESTE,2781-0637
UBS Costa Melo,"R. LUIS ASSON, 165","MONTEVIDEO, VL",LESTE,(11)2958-2981
Caps Ad II Mooca,"R. JAIBARÁS, 251",MOOCA,LESTE,Tel. 2694-6364
Hospital e Maternidade Leonor Mendes de Barros,"Av celso Garcia, 2477",MOOCA,LESTE,(11)6694-4987
UBS Dom João Nery,"ESTRADA DOM JOAO NERY, 3462","NAZARÉ, JD",LESTE,(11)2566-3624
CAPS AD II JARDIM NELIA,"R. ITAJUIBE, 299","NELIA, JD",LESTE,08120-470 2561-8085
UBS ANTONIO PIRES FERREIRA VILLALOBO,"R. COELHO DE CASTRO, 95","NHOCUNÉ, VL",LESTE,(11)2749-3521
UBS JARDIM NICOLAU,"RUA BROOK TAYLOR, 30","NORDESTE, JD",LESTE,(11)2280-7508
UBS Jardim Nossa Senhora do Carmo,"R. VERÍSSIMO DA SILVA, 136","NOSSA SRA DO CARMO, JD",LESTE,2748-5103
UBS V NOVA MANCHESTER DR ARLINDO GENNARI,"PRAÇA HAROLDO DALTRO, 461","NOVA MANCHESTER, VL",LESTE,(11)2295-4163
UBS Vila Nova York,"R. DR EDGARD MAGALHÃES NORONHA, 200","NOVA YORK, VL",LESTE,(11) 2726-7398
UBS CDHU PALANQUE,"R. PONTE DA AMIZADE (ALT. AV. RAGUEB CHOHFI, 7208), 2","PALANQUE, JD",LESTE,2736-2573/3820
CAPS AD III CAPELA DO SOCORRO,"R. LUIZ ROTTA, 300","PANOMARAMA, JD",LESTE,5667-6277 /5667-6249
UBS JD PARAGUACU DR GONCALO FELICIANO ALVES,"TAIOBEIRAS, 125","PARAGUAÇU, JD",LESTE,(11)2727-0484
UBS AURELIO MELLONE JARDIM SÃO SAVERIO,"R. JOSÉ BARGAS,143","PEDRO J NUNES, JD",LESTE,(11) 2297-5453
UBS Cidade Pedro Jose Nunes,"R. JOSÉ BARGAS,143","PEDRO J NUNES, JD",LESTE,(11) 2297-5453
UBS ENGENHEIRO TRINDADE,Av Gabriela Mistral 1168,PENHA,LESTE,(11)2642-7229
UBS Jardim Penha,"AV SAO MIGUEL, 3721",PONTE RASA,LESTE,(11)2546-5867
UBS Dr Carlos Olivaldo de Souza Lopes Muniz,"R. Bartolomeu Soares, 16","PONTE RASA, JD",LESTE,(11) 2041-1744
AMA UBS INTEGRADA JARDIM POPULAR DR MATHEUS SANTAMARIA,"AV. JAIME TORRES, 600","POPULAR, JD",LESTE,2685-0469
UBS Vila Prudente,"PRAÇA DO CENTENÁRIO DE VILA PRUDENTE - VEIGA CABRAL, 108","PRUDENTE, VL",LESTE,2272-5763
UBS RECANTO VERDE DO SOL,"R PEDRO RAMAZZANI, 98",RECANTO VERDE SOL,LESTE,(11) 2734-3271
UBS Augusto Leopoldo Ayrosa Galvao,Rua Joaquina Maria dos Santos,"RICA, VL",LESTE,(11) 3851-8235
UBS Rio Claro,"R. CINIRA POLÔNIO, 33","RIO CLARO, JD",LESTE,2751-5112/ 2751-0457
AMA/UBS Integrada Jardim São Francisco II,"R. BANDEIRA DE ARACAMBI, 704","RODOLFO PIRANI, JD",LESTE,(11) 2751-6712
UBS Vila Roschel,"RUA ALICE BASTIDE, 290","ROSCHEL, VL",LESTE,telefone não informado
Ubs Jardim Roseli,"SIMAO NUNES RUA, 31","ROSELI, JD",LESTE,(11)2731-5143
UBS IAÇAPE JARDIM PLANALTO,"R. IAÇAPÉ, 302","SANTA MADALENA, PQ",LESTE,(11) 2703-1198
UBS Jardim Santa Maria,"R. EMBIRATAÍ, 201","SANTA MARIA, JD",LESTE,(11)2724-7004
AMA UBS INTEGRADA PARQUE DOROTÉIA,"R. DOS ANIQUIS, 3","SANTA TEREZINHA, JD",LESTE,(11) 5560-0890
UBS Jardim Santa Terezinha,"AVENIDA DOS LATINOS, 205","SANTA TEREZINHA, JD",LESTE,(11)2721-1815
UBS Vila Santana,"R. VITOR JOSE DE CASTRO, 84","SANTANA, VL",LESTE,2051-3962
AMA /UBS Integrada Jardim Santo André,"MIGUEL FERREIRA DE MELO, 497","SANTO ANDRÉ, JD",LESTE,(11)2751-4339
UBS JARDIM SAO CARLOS CIDADE ADEMAR,"R. CLAUDIA MUZIO, 163","SÃO CARLOS, JD",LESTE,(11) 5621-9200
AMA UBS JARDIM TRES MARIAS MAURICIO ZAMIJOVSKY,"RUA BRENO ACCIOLI, 19","SÃO FRANCISCO, VL",LESTE,(11)3756-0513
AMA UBS INTEGRADA JARDIM SAO JORGE DR PAULO EDUARDO ELIAS,"AV ANGELO APARECIDO DOS SANTOS DIAS, 331","SÃO JORGE, JD",LESTE,(11)3781-3817
AMA UBS INTEGRADA JARDIM DA CONQUISTA III,"TRAVESSA SOMOS TODOS IGUAIS, 330",SÃO MATEUS,LESTE,(11) 2736-7092
UBS SAO MATEUS NAIR ALVES DE REZENDE NORIMBENI,"RUA ANGELO DE CANDIA, 1058",SÃO MATEUS,LESTE,(11) 2017-2706
CAPS AD III SAO MATEUS LIBERDADE DE ESCOLHA,"R. JOAQUIM GOUVEA FRANCO, 150",SÃO MATEUS,LESTE,(11) 2019-8143
CAPS ADULTO III SAO MATEUS,"R. Joaquim Gouvêia Franco, 150",SÃO MATEUS,LESTE,tel: 2019-8143/2010-8146
UBS Jardim Nove de Julho,"SIBALDO LINS, 146",SÃO MATEUS,LESTE,(11)2011-9815
UBS Cidade Nova Sao Miguel,"AV. MOACIR DANTAS ITAPICURU, 1008",SÃO MIGUEL PAULISTA,LESTE,(11)2051-3560
UBS Jardim Lapenna,"R. SERRA DA JURUOCA, 36",SÃO MIGUEL PAULISTA,LESTE,2058-3722
UBS JARDIM ROBRU MESSIAS JOSE DA SILVA,"RUA JOSE MARIA ALVES DE DEUS, 288",SÃO MIGUEL PAULISTA,LESTE,(11)2035-2406
IPGG INSTITUTO PAULISTA DE GERIATRIA E GERONTOLOGIA JEM,"Praça Padre Aleixo Monteiro Mafra, 34",SÃO MIGUEL PAULISTA,LESTE,(11) 2030-4002
UBS Paulo Feldman Nitro Operaria,"R. Cumaru, 14",SÃO MIGUEL PAULISTA,LESTE,(11) 2956-6923
UBS Uniao de Vila Nova,"R. RIO CINCO VOLTAS, 205",SÃO MIGUEL PAULISTA,LESTE,Tel: 2037-7779
UBS Vila Nova Curuça,"R. NARCEJA, 51",SÃO MIGUEL PAULISTA,LESTE,2035-2292
AMA UBS INTEGRADA JARDIM ELBA HUMBERTO GASTAO BODRA,"Rua Batista Fergusio, 1016","SAPOPEMBA, CARDOSO FRANCO, VL",LESTE,(11)2269-1661
UBS Jardim Sapopemba,"RUA JOAO LOPES DE LIMA, 1151","SAPOPEMBA, JD",LESTE,(11)2019-6305
UBS Teotonio Vilela,"AV. ARQUITETO VILANOVA ARTIGAS, 1071","SAPOPEMBA, JD",LESTE,(11) 2704-1383
UBS EMILIO SANTIAGO DE OLIVEIRA,"RUA COREMU, 163",VL ESPERANÇA,LESTE,(11) 2681-7418
AMA UBS INTEGRADA VILA SILVIA,"R. BELEM DOS SANTOS (ESQUINA COM R. LAURO DE FREITAS), 222","SILVIA, VL",LESTE,2545-6838
UBS Jardim Soares,"R. FELICIANO DE MENDONÇA, 496","SOARES, JD",LESTE,2557-7022
UBS REUNIDAS II,"ESTRADA DA CASA GRANDE, 1258","UNIÃO, VL",LESTE,(11) 2706-0555/2143-1356
UBS Jardim Valquiria,"AV. CARLOS LACERDA, 3093","VALQUIRIA, JD",LESTE,5825-6166
Ubs Jardim Carraozinho,"RUA MARCOS GONCALVES CORREA, 25",VILA CARRÃO,LESTE,(11)2754-0622
UBS Alpes do Jaragua,"Alameda das Limeiras, 46",ALPES DO JARAGUA,NORTE,(11) 3945-5958_
UBS Jardim Apuana,Rua Um nº19,"APUANÃ, JD - TREMEMÉ",NORTE,(11)2240-5277/2243-4469
UBS VILA ARRIETE DECIO PACHECO PEDROSO,"RUA JULIETA DE ARAUJO ALMEIDA, 44","ARAUJO ALMEIDA, JD",NORTE,(11)5611-4046
UBS NOSSA S DO BRASIL ARMANDO DARIENZO,"R. ALMIRANTE MARQUES LEÃO, 684",BELA VISTA,NORTE,(11)3284-4601 / 3541-3704
AMA UBS INTEGRADA JARDIM BRASIL,"R. FRANCISCO PEIXOTO BEZERRA, 400","BRASIL, JD",NORTE,(11) 2201-411
CAPS AD III BRASILANDIA,"R. OLINTO FRAGA MOREIRA, 275",BRASILANDIA,NORTE,3923-6947
UBS Jd Icarai Brasilandia,"Avenida Almyr Dehar, 201",BRASILANDIA,NORTE,(11) 3921-0818
UBS SILMARYA REJANE MARCOLINO SOUZA,"R. EUVALDO AUGUSTO FREIRE, 20",BRASILANDIA,NORTE,(11) 3923-1520
UBS Vila Ramos FO Brasilandia,"Rua Ferraz de Vasconcelos, 80",BRASILÂNDIA,NORTE,(11) 3924-0208
CAPS AD III FO BRASILANDIA,"R. OLINTO FRAGA MOREIRA, 275",BRASILANDIA,NORTE,3923-6947
UBS Brasilandia,"RUA PARAPUA, 1646",BRASILANDIA,NORTE,(11)3921-8713
UBS Jd Vista Alegre,"R. Ibiraiaras, 21",Brasilândia / Jardim Vista Alegre,NORTE,(11) 3982-3777
Caps Ad II Cachoeirinha,"R. DESEMBARGADOR RODRIGUES SETTE, 111",CACHOEIRINHA,NORTE,2232-4770
UBS CARANDIRU,"Rua José Pereira Jorge, 305",CARANDIRU,NORTE,(11)3475-8800
UBS Nova Esperança - Paulistano II,"R MIRACI, 94",JD PAULISTANO,NORTE,(11) 3972-5526
CAPS ADULTO II CASA VERDE,"R. FERREIRA DE ALMEIDA, 22",CASA VERDE,NORTE,3858-3579
UBS Casa Verde Alta,"R. LAVINIO SALES ARCURI, 120",CASA VERDE ALTA,NORTE,(11)3966-9572
UBS AE NISA DR WALTER ELIAS,"R. MOURÃO VIEIRA, 11",CASA VERDE BAIXA,NORTE,(11)3858-8593
UBS Casa Verde,"R. VICHY, 468",CASA VERDE BAIXA,NORTE,Tel: 3856-9908
UBS CHORA MENINO,Rua Copacabana nº 185,CHORA MENINO,NORTE,(11) 2950-1451
UBS Barro Branco,"R. EDUARDO REUTER, 678",COHAB BARRO BRANCO II,NORTE,(11)2964-8826
UBS Vila Ede,"R. PADRE MARCOS SIMONI, 390","EDE, VL",NORTE,(11) 2212-4596/3478-5902
UBS Parque Edu Chaves,"AV EDU CHAVES, 1197",EDU CHAVES. PQ,NORTE,(11)2243-0052
AMA UBS Integrada Jd Elisa Maria,"Rua Rômulo Naldi, 57","ELISA MARIA, JD",NORTE,3981-0951
UBS Vila Espanhola,"AV. JOÃO DOS SANTOS ABREU, 650","ESPANHOLA, VL",NORTE,(11) 2263-1569
UBS Jardim Fontalis,"Rua Antonio Piccarolo, 41","FONTALIS, JD",NORTE,(11)2995-6257
Ambulatório de Especialidades Freguesia do O,"R. BONIFÁCIO CUBAS, 304",FREGUESIA DO Ó,NORTE,(11) 3936-3177
UBS Jardim Julieta,"R. BALTHAZAR FIDELIS, 258","GUANCÃ, JD",NORTE,2201-3907/1256
AMA UBS INTEGRADA VILA MEDEIROS,"Rua João Ventura Batista, 615","GUILHERME, VL",NORTE,(11) 2905-1845
UBSI Vl Guilherme,"Av. João Ventura Batista, 615","GUILHERME, VL",NORTE,(11) 2904-0498_
UBS VILA GUILHERMINA DOUTOR AMERICO RASPA NETO,"R. JOÃO MARCHIORI, 59","GUILHERMINA, VL",NORTE,(11) 2791-5321
UBS Horto Florestal,"Av Luís Carlos Gentile de Laet, 603",HORTO FLORESTAL,NORTE,11)2994-5688
AMA UBS INTEGRADA MASSAGISTA MARIO AMERICO,Rua Oscar de Moura Lacerda nº 231,IMIRIM,NORTE,(11) 2239-2222
UBS VILA IZOLINA MAZZEI,"R. ORLANDO RIBEIRO DANTAS, 154 A","IZOLINA MAZZEI, VL",NORTE,(11) 2201-5552
UBS Dr Jose Toledo Piza,"AV. ANTONIO CÉSAR NETO, 387",JAÇANÃ,NORTE,(11)2241-7317
UBS Interativa,"Rua Interativa , 105",Jaraguá,NORTE,(11) 3973-7510
UBS Jd Apuana,"Rua Hum, 19",JAÇANÃ,NORTE,(11) 2240-5277
UBS Santo Elias,"Rua Fabio de Almeida Magalhaes, 494",JD SANTO ELIAS,NORTE,(11) 3904-0016
AMA UBS Integrada Jd Joamar,"Rua Adauto Bezerra Delgado, 230","JOAMAR, JD",NORTE,(11) 2821-5801
AMA UBS INTEGRADA JARDIM DAS LARANJEIRAS,"R. BENTO GUELFI, 1100","LARANJEIRAS, JD DAS",NORTE,(11)2731-7252
AMA UBS Integrada Lauzane Paulista,"R. Valorbe, 80",Lauzane Paulista,NORTE,(11) 2258-5818
UBS Vila Leonor,"AV. ANGELINA, 770","LEONOR, VL",NORTE,(11)2905-7164
AMA/UBS INTEGRADA VILA BARBOSA,"AV. MANDAQUI, 197",LIMÃO,NORTE,(11) 3966-1302
UBS DONA ADELAIDE LOPES,"AV. CLAVÁSIO ALVES DA SILVA, 683",LIMÃO,NORTE,(11)3935-3880
UBS Vl Maggi,"Rua Conde Monterone, 40","MAGGI, VL",NORTE,(11) 3972-1435_
CAPS Adulto III Mandaqui,"RUA DR LUIZ LUSTOSA DA SILVA, 369",MANDAQUI,NORTE,(11)2979-0923
UBS Jardim Japao,"R. SOBRAL JUNIOR, 452","MARIA ALTA, VL",NORTE,(11) 3478-7365/7362
UBS Morro Doce,"Rua Alberto Callix, 55",MORRO DOCE,NORTE,(11) 3916-2059
UBS V MARIA LUIZ PAULO GNECCO,"R. ANDRÉ DA FONSECA, 70","MUNHOZ, VL",NORTE,(11)3475-5203/5205
UBS Vila Nivi,"PCA CAMPINOPOLIS, 125","NIVI, VL",NORTE,(11)2201-7219
HOSPITAL E MATERNIDADE VL NOVA CACHOEIRINHA ( DR MARIO DE MORAES A SILVA),"AV DEP EMILIO CARLOS, 3100","NOVA CACHOEIRINHA, VL",NORTE,(11) 3986-1085
UBS Dra Ilza Weltman Hutzler,"R. CEL WALFRIDO DE CARVALHO, S/N","NOVA CACHOEIRINHA, VL",NORTE,(11)3981-3127
UBS Vila Dionisia II,"R. SETE DE DEZEMBRO, 73","NOVA CACHOEIRINHA, VL",NORTE,2208-1943
UBS Vl Nova Galvao Sonia Regina Campanelli,"Rua Alpheu Luiz Gasparini , 116","NOVA GALVÃO, VL",NORTE,2821-5100
UBS Parque Novo Mundo I,"R BENEDITA DORNELAS CLARO, 451","NOVO MUNDO, PQ",NORTE,(11)2954-1747
UBS PARQUE NOVO MUNDO II,"R. SOLDADO ANTONIO MATIAS DE CAMARGO, 87","NOVO MUNDO, PQ",NORTE,(11) 2635-5597
"""AMA UBS INTEGRADA ELISIO TEIXEIRA LEITE ""","Rua João Amado Cotinho, 400",PARADA DE TAIPAS,NORTE,(11)3972-0333
HOSPITAL KÁTIA DE SOUZA RODRIGUES,"AV: ELISIO TEIXEIRA LEITE, 6.999",PARADA DE TAIPAS,NORTE,(11) 3973-0400
AMA UBS INTEGRADA PARI,"Rua das Olarias, 503",PARI,NORTE,(11)3227-008
AMA UBS INTEGRADA JARDIM PAULISTANO,"RUA ENCRUZILHADA DO SUL, 496","PAULISTANO, JD",NORTE,(11)3971-5342
UBS Jd das Pedras,"Rua Clovis Salgado, 220","PEDRAS, JD",NORTE,(11) 2992-2494
UBS FATIMA DE JESUS VIANA ROSA,"Rua Urupeva, 219","PENTEADO, VL",NORTE,(11) 3851-8201
AMA UBS Integrada Perus,"Praca Vigario Joao Goncalves de Lima, 239",PERUS,NORTE,3917-6245
UBS Recanto dos Humildes,"Av. Pavão, 36 A",PERUS,NORTE,(11) 3917-5870_
UBS Vl Caiuba,"Rua Presidente Vargas, 540",PERUS,NORTE,(11) 3835-2063
UBS Vila Renato,"R. BERNARDINO FERRAZ, 54","RENATO, VL",NORTE,(11)2703-0947
UBS PQ PERUCHE,"Rua José Rangel de Camargo, 550","PERUCHE, PQ",NORTE,11-3951-6756
AMA UBS Integrada City Jaragua,"ESTRADA DAS TAIPAS, 1648",Pirituba/Jd. Rincão,NORTE,(11) 3947-2690
UBS JARDIM RINCÃO,"Rua Arroio da Palma, 67",Pirituba/Jd. Rincão,NORTE,11-3941-5172
AMA UBS Integrada Vila Pereira Barreto (CRSN),"Rua Dom Manuel D, 76",Pirituba / Jd. São Jose,NORTE,(11) 3976-3845
UBS Vl Mangalot,"Rua Portão Preto, 220",Pirituba / Vila Mangalot,NORTE,(11) 3906-9891
UBS Vl Santa Maria,"Rua Professor Dario Ribeiro, 670","PRADO, VL",NORTE,(11) 3965-6035
UBS Vl Sabrina Dr Carlos Augusto Autran Pederneiras Lima,"Rua Francisco Franco Machado, 150","Sabrina, VL",NORTE,3478-7254
UBS Parque Nacoes Unidas Sem Terra,"Rua Aracy Rondon Amarante, 22","SANTA LUCRECI, JD",NORTE,3478-7254
UBS Pastoral,"R. BOLEADEIRAS, 127","SANTA MADALENA, PQ",NORTE,2702-5889
UBS Parque Santa Rita,"R. JOSÉ PESSOTA, 80","SANTA RITA, PQ",NORTE,(11) 2513-7109
CAPS AD III SANTANA,"AV. LEONCIO DE MAGALHÃES, 226",SANTANA,NORTE,2950-0803
UBS Parque Sao Lucas,"R. DR NOGUEIRA DE NORONHA, 322","SÃO LUCAS, PQ",NORTE,(11)2918-3595
UBS Vl Terezinha,"Rua Domingos Francisco de Medeiros, 70","TEREZINHA, VL",NORTE,(11) 3924-2591
UBS DONA MARIQUINHA SCIASCIA,"RUA DR JOSE VICENTE, 280",TREMEBÉ,NORTE,(11)2203-0063
AMA UBS Integrada Wamberto Dias da Costa,"R. Paulo César, 60",TREMEBÉ,NORTE,(11) 2262-4846
UBS JARDIM FLOR DE MAIO,Av Nova Paulista 561,"TREMEMBÉ, JD",NORTE,2995-6006
AMB ESPEC TUCURUVI ARMANDO DE AGUIAR PUPO,"Av Nova Cantareira, 1467",TUCURUVI,NORTE,(11)2952-6700
"UBS TREMEMBÉ ""DR. JOSÉ DE TOLEDO PIZA"" CONJUNTO DO IPESP","Av. Profa. Virgília Rodrigues Alves de Carvalho Pinto, 555",TUCURUVI,NORTE,2203-0111
HOSPITAL KÁTIA DE SOUZA RODRIGUES,"AV: ELISIO TEIXEIRA LEITE, 6.999 CEP: 02810-000",PARADA DE TAIPAS,NORTE,(11) 3973-0400
"UBS TREMEMBÉ ""DR. JOSÉ DE TOLEDO PIZA"" CONJUNTO DO IPESP","Av. Profa. Virgília Rodrigues Alves de Carvalho Pinto, 555 cep: 02346-000",TUCURUVI,NORTE,2203-0111
UBS DR. DOMINGOS MAZZONETO DE CILO,"Rua Engo. Jean Buff, 126 Vl. Aurora cep: 02417-180","AURORA, VL",NORTE,11-2232-2244
UBS VILA PROGRESSO,Rua Antonio Genele cep: 02811-020,"MONTE ALEGRE, PQ",NORTE,11-3932-2349
AMA UBS INTEGRADA PARQUE MARIA DOMITILA,"AV DO ANASTÁCIO (ESQ. R WILLIS ROBERTO BANKS), 2421","MARIA DOMITILA, PQ",OESTE,3903-5572
Irmandade da Santa Casa de Misericórdia de São Paulo,RUA DR CESARIO MOTTA JR,"BUARQUE, VL",OESTE,(11)2176-7000/r.5955
CS ESCOLA SAMUEL BARNSLEY PESSOA,"Av. Vital Brasil, 1490",BUTANTÃ,OESTE,(11)3061-8575
Hospital Universitário / USP,"AV PROF LINEU PRESTES, 2565",BUTANTÃ,OESTE,(11)(11)3091-9200
UBS VILA CALU,"ESTRADA DO M'BOI MIRIM, 10020","CALI, VL",OESTE,5517-1139
UBS CAXINGUI NANCI ABRANCHES,"R. LADISLAU ROMAN, 410",CAXINGUI,OESTE,(11)3722-4686
UBS Jardim Celeste,"R. JOÃO FERNANDES CAMISA NOVA JR., 865","CELESTE, JD",OESTE,5812-3738
"ICESP - Inst. Do Cancer ""Octavio Frias de Oliveira""","AV DR ARNALDO, 251",CERQUEIRA CESAR,OESTE,3893-2727
UBS Jardim Cidade Pirituba,"Rua Comendador Feiz Zarzur, s/n. Bairro","CIDADE PIRITUBA, JD",OESTE,(11) 3974-8210
UBS Vila Borges,"R. JACINTO DE MORAES, 22","CLAUDIA, JD",OESTE,(11) 3782-4908
UBS JARDIM DA CONQUISTA II,"TRAV SOMOS TODOS IGUAIS, 915","CONQUISTA, JD DA",OESTE,(11)2253-9547
UBS MENINOPOLIS MARIO FRANCISCO NAPOLITANO,"RUA OSCAR GOMES CARDIM, 142 CEP 04580-040",VILA CORDEIRO,OESTE,(11) 5535-8839
UBS Jardim d'Abril,"R. PAULO MARANHÃO, 444","D'ABRIL, JD",OESTE,(11)3782-1687
UBS VILA DALVA ENG GUILHERME H PINTO COELHO,"R. GUSTAVO BERTHIER, 155","DALVA, VL",OESTE,(11) 3712-1387
UBS Vila Jaguara,"R. PAÚVA, 721","JAGUARA, VL",OESTE,(11) 3621-4440
UBS VILA IPOJUCA WANDA COELHO DE MORAES,"R. CATÃO, 1266",LAPA,OESTE,(11) 3676-1399
UBS Parque da Lapa,"Rua Bergson, 52","LEOPOLDINA, VL",OESTE,(11)3836-8029
UBSF Dr Manoel Joaquim Pera,"RUA PURPURINA, 280","MADALENA, VL",OESTE,(11)3032-9891
UBS Paraisopolis III,"R. SILVEIRA SAMPAIO, 660","MORUMBI, JD",OESTE,3742-1323/3269
CS SES GERALDO DE PAULA SOUZA (CRSO),"Av. Dr. Arnaldo,925",PACAEMBU,OESTE,(11) 3061-7721
UBS Jardim Vera Cruz,"R SARAMENHA, 60",PERDIZES,OESTE,(11)3673-8552
AMA UBS INTEGRADA VILA PIAUI,"PRAÇA CAMILO CASTELO BRANCO, 10","PIAUI, VL",OESTE,(11) 3621-4508
Caps Ad Pinheiros,"Rua Nicolau Gagliardi, 439",PINHEIROS,OESTE,(11) 3816-3959
UBS Vila Pirituba,"R. RIBEIRÃO VERMELHO, 501","PIRITUBA, VL",OESTE,(11) 3901-3848
UBS VILA ANGLO JOSE SERRA RIBEIRO,"R. Palestra Itália, 1765","POMPEIA, VL",OESTE,(11) 3801-1547
AMA UBS INTEGRADA PAULO VI,"Rua Vaticano, 69",RAPOSO TAVARES - Bairro Jardim João XXIII,OESTE,(11) 3784-3110
UBS Jardim Boa Vista,"R. Cândido Fontoura, 620",RAPOSO TAVARES,OESTE,(11)3782-8380
UBS PARQUE RESIDENCIAL COCAIA INDEPENDENTE,"R. FELINTO MILANEZ, 26","RESIDENCIAL COCAIA, PQ",OESTE,(11) 5931-0209
UBS Jose Marcilio Malta Cardoso,"RUA DR BERNARDO GUERTZENSTEIN, 45",RIO PEQUENO,OESTE,(11)3768-1569
UBS RIO PEQUENO PAULO DE BARROS FRANCA,"R. PADRE FRANCISCO LIBERMANN, 318",RIO PEQUENO,OESTE,(11) 3768-9460/3714-8764
UBS Vila Romana,"R. VESPASIANO, 679","ROMANA, VL",OESTE,(11) 3862-4102
"""UBS Jardim Rosinha ""","Rua Dalva de Oliveira, 82","ROSINHA, JD",OESTE,3916-4100
Caps Ad Prosam/ Vila Madalena,"RUA HEITOR PENTEADO, 1448",SUMARÉ,OESTE,(11)3862-1385
UNIDADE BASICA DE SAUDE PROF. MANOEL ANTONIO DA SILVA SARAGOÇA - UBS PARQUE IMPERIAL,"RUA MAJOR FREIRE, 510 - CEP 04304-110",VILA MONTE ALEGRE,OESTE,(11) 5594-1532
HOSP DO SERV PUB MUNICIPAL HSPM,"RUA CASTRO ALVES, 60",ACLIMAÇÃO,SUL,(11)3397-7977
CAISM DR DAVID CAPISTRANO DA COSTA FILHO DA AGUA FUNDA,"AVENIDA MIGUEL STEFANO, 3030",ÁGUA FUNDA,SUL,(11) 5077-7821
UBS Agua Funda,"Rua Rosa Morales, 91","ÁGUA FUNDA, VL",SUL,(11)5058-5007
AMA UBS INTEGRADA JARDIM ALFREDO,"R. DINAR, 51","ALFREDO, JD",SUL,Tel: 5514-6355
UBS Alto da Riviera,"AV. PROF. MÁRIO MAZAGAO, 194",ALTO DA RIVIERA,SUL,(11) 5833-9952
AMA/UBS INTEGRADA VILA IMPERIO,"RUA CATARINA GABRIELLI, 236",AMERICANÓPOLIS,SUL,5621-3891
CAPS AD III JARDIM ANGELA,"R. Ivirapema,41","ANGELA, JD",SUL,(11)5833-2838
UBS Jardim Santa Margarida,"R. Capão Redondo, 175","ANGELA, JD",SUL,(11) 5892-5799
UBS Jardim Aracati,"R. FANCISCO HOMEM DEL REI, 87","ARACATI, JD",SUL,(11)5896-1027
UBS Mar Paulista,"R. MATSUICHI WADA, 393",BALNEÁRIO MAR PAULISTA,SUL,(11)5616-9406
Amb de Especialidades Jardim Cliper,"R. BELIZARIO FERREIRA LIMA, 11","BELA VISTA, JD",SUL,(11)5928-5703/5925-4316
"""UBS Humaita ""","Tel: 3241-1632 R. HUMAITÁ, 520","BELA VISTA, JD",SUL,(11)3241-1163
UBS VILA DAS BELEZAS ALBERTO AMBROSIO,"R. TENENTE ISAIAS BRANCO DE ARAUJO, 101/103","BELEZAS, VL DAS",SUL,5511-4712
UBS Dr Pedro de Souza Campos,"R. PAULO BIFANO ALVES, 764","BOTURUSSU, PQ",SUL,2546-4111
AMA UBS INTEGRADA PARQUE BRISTOL,"Rua François Bunel, 194","BRISTOL, PQ",SUL,(11) 2331-3089
UBS/ ESF Jardim Caiçara,"R. SERAFIM ALVARES, 46","CAIÇARA, JD",SUL,(11) 5833-4375
UBS Cambuci,"AV. LACERDA FRANCO, 791",CAMBUCI,SUL,(11)3209-3304
UBS Vila Campestre,"R. ARTUR NUNES DA SILVA, 206","CAMPESTRE, VL",SUL,5011-4278
UBS JARDIM CAMPINAS (CRSSUL),"RUA PLEIADES, S/N","CAMPINAS, JD",SUL,(11) 5527-2000
UBS Chacara do Conde,"R. CONSTELAÇÃO DO ESQUADRO, 5","CAMPINAS, JD",SUL,5938-6611
UBS Jardim Aeroporto - Massaki Udihara,"R. VIEIRA DE MORAIS, 1752",CAMPO BELO,SUL,(11) 5542-9672
UBS ARRASTAO FRANCISCO SCALAMANDRE SOBRINHO,"R. DR JOVIANO PACHECO AGUIRRE, 255",CAMPO LIMPO,SUL,(11) 5841-2654
UBS Vila Canaa,"R. CONTOS GAUCHESCOS, 630","CANÃA, VL",SUL,5565-0485
UBS Cantinho do Ceu,"R. DOS ACORDES, 3",CANTINHO DO CÉU,SUL,5932-7805
AMA UBS INTEGRADA JARDIM CAPELA,"R. BARAO DE PAIVA MANSO, 200","CAPELA, JD",SUL,(11) 5517-0226
UBS Joaquim Rossini,"R. ALVARO FRAGOSO, 480","CARIOCA, VL",SUL,(11)2273-4602
AMA UBS INTEGRADA JARDIM CASTRO ALVES DRA MARIA CRISTINA F,"Rua João Paulo Barreto, 131","CASTRO ALVES, JD",SUL,(11) 5971-2157
UBS Campo Limpo,"R. JORGE OZZI, 211","CATANDUVA, JD",SUL,(11)5844-5516
UBS Jd Ladeira Rosa,"R. José da Costa Gavião, 150","CECY, JD",SUL,(11) 3851-8818
UBS VILA SANTA CATARINA,"R. Atilio Selva, 10","CELESTE, JD",SUL,(11) 2331-2131
UBS Chacara do Sol,"R. JOÃO CARLOS DE OLIVEIRA, 3",CHÁCARA DO SOL,SUL,5931-4151
UBS Chacara Inglesa,"R. DA LIGAÇAO (PRÓX. R MANUEL FURTADO), 95",CHÁCARA INGLESA,SUL,(11)3834-5985
UBS Chácara Santa Maria,"R. CICLADES, 250",CHACARA SANTA MARIA,SUL,(11) 5180-6060
UBS Luar do Sertao,"R. LUAR DO SERTÃO, 980",CHÁCARA SANTA MARIA,SUL,5874-1826/5871-9547
UBS Chácara Santana,"R. BALTAZAR DE SA, 383",CHACARA SANTANA,SUL,
UBS Zumbi dos Palmares,"R. HUMBERTO DE ALMEIDA, 279",CHACARA SANTANA,SUL,(11) 5897-2564
UBS CHACARA SANTO AMARO,"RUA LUIZ CARLOS DE ALMEIDA, 51",CHACARA SANTO AMARO,SUL,(11)5974-9922
UBS CHACARA SANTO ANTONIO DR MARCILIO DE ARRUDA PENTEADO F,"R. ALEXANDRE DUMAS, 719",CHACARA SANTO ANTONIO,SUL,(11)5183-6139
UBS Cidade Ipava,"AV. TAQUANDAVA, 31",CIDADE IPAVA,SUL,5898-5300
UBS JARDIM EDITE GERONCIO HENRIQUE NETO,"R. CHARLES COULOMB, 80",CIDADE MONÇÕES,SUL,4329-8861
UBS Nova América,"R. EDUARDO COLLIER FILHO , 14A",CIDADE NOVA AMÉRICA,SUL,5977-3507
CAPS AD III HELIOPOLIS (Vila Arapua),"AV ALMIRANTE DELAMARE, 3033",CIDADE NOVA HELIÓPOLIS,SUL,telefone não informado
CAPS INFANTIL II JABAQUARA CASINHA,"RUA ONZE DE FEVEREIRO ,318",CIDADE VARGAS,SUL,(11) 5021-8005
UBS Cidade Vargas,"R. DOS COMERCIÁRIOS, 236",CIDADE VARGAS,SUL,(11)5588-4890
AMA UBS INTEGRADA VILA CLARA,"R. ROLANDO CURTI, 701","CLARA, VL",SUL,5623-6883
AACD - Associação de Assistência a Criança Deficiente Tel: 5576-0883,"AVN PROF ASCENDINO REIS, 724","CLEMENTINO, VL",SUL,(11)5576-0883
HOSPITAL SAO PAULO HOSPITAL DE ENSINO DA UNIFESP SAO PAULO,"Rua Botucatu, 979","CLEMENTINO, VL",SUL,5572-4301
UBS EDUARDO ROMANO RESCHILIAN,"Rua Dr. Lafaiete Souza Camargo, 40","CLÍMAX, JD",SUL,(11)2335-5319
AMA UBS INTEGRADA JARDIM NORDESTE,"R. NICOLO TARTAGLIA, 45","COIMBRA, JD",SUL,(11)2280-6211
UBS Jardim Coimbra,"ESTRADA DO M'BOI MIRIM, 3301","COIMBRA, JD",SUL,(11)5892-2327
UBS COLONIA,"RUA NOSSA SENHORA APARECIDA, 342",COLONIA PAULISTA,SUL,(11)5977-3269
UBS JARDIM ORION GUANHEMBU,"R. FERNANDO AMARO MIRANDA, 51","COLONIAL, JD",SUL,3397-2000
UBS Jardim Comercial,"R. COSTA NOVA DO PRADO, 92","COMERCIAL, JD",SUL,(11)5873-4880
UBS Jaçana -Gabriel Sayago de Laet,"RUA SAO GERALDINO, 222","CONSTANCIA, VL",SUL,(11)2240-0065
UBS VILA CONSTANCIA VICENTE OCTAVIO GUIDA,"RUA HERMENEGILDO MARTINI, S/N","CONSTÂNCIA, VL",SUL,(11)5678-7444
UBS Vila Dionisia,"R CHEN FERRAZ FALCAO, 50","DIONISIA, VL",SUL,telefone não informado
UBS Mata Virgem,"ESTRADA DA SAUDE, 47",ELDORADO,SUL,(11)5673-4455
UBS Jardim Eliana,R. HENRY ARTHUR JONES,"ELIANA, JD",SUL,(11) 5931-5240 5528-1887
UBS JARDIM EMBURA,"ESTR BENEDITO SCHUNCK, 08","EMBURA, JD",SUL,5975-2192
"""UBS JARDIM LOURDES ""","Av. Eng. Armando de Arruda Pereira, 4.004","ENCONTRO, VL DE",SUL,5021-3432
UBS Parque Engenho II,"AV. DOM RODRIGO SANCHES, 700","ENGENHO, PQ DO",SUL,(11) 5825-5124
UBS JARDIM DOS EUCALIPTOS HELIO MOREIRA SALLES,"R. POEMA DAS AMERICAS, 12","EUCALIPTOS, JD DOS",SUL,(11) 2701-7933
AMA UBS INTEGRADA PARQUE FERNANDA,"R. ERNESTO SOARES FILHO, 301","FERNANDA, PQ",SUL,(11) 5821-1632
AMA /UBS Integrada Parque Figueira Grande,"R. DANIEL KLEIN, 211","FIGUEIRA GRANDE, PQ",SUL,(11) 5514-6609
UBS Jardim das Fontes,"R. MABEL NORMANDO , 122","FONTES, JD",SUL,5975-4221
UBS Vila Cruz das Almas,Rua Padre Feliciano Domingues nº 90,FREG DO Ó - VL MARINA,SUL,3975-3531
UBS Gaivotas,"AV. SÃO PAULO, 23-A","GAIVOTA, JD",SUL,(11)5932-6407
UBS Jardim Germania,"R. JOÃO FUGULIM, 338","GERMANIA, JD",SUL,(11) 5511-1761
UBS Jardim Guarani,"Rua Santana do Araçuaí, 160","GUARANI, JD",SUL,(11) 3921-5540
CAPS AD II JABAQUARA,"PRACA BARAO DE JAPURA, 01","GUARANI, VL",SUL,(11) 5011-1583
UBS Jardim Guarujá,"R. JOÃO DE ALMADA, 25","GUARUJÁ, JD",SUL,(11)5873-5089
UBS PROF JANDIRA MASSUR VILA GUMERCINDO,"R. DOM LUCIO DE SOUZA, 372","GUMERCINDO, VL",SUL,(11) 5062-7233
UBS JARDIM HELGA,"R. THOMAS DE ARAUJO, 53","HELGA, JD",SUL,5842-2956
"""UBS Almirante Delamare ""","Rua Almirante Mariath, 62",HELIÓPOLIS,SUL,2062-8018
"""UBS Jardim Herculano ""","R. INACIO LIMAS, 11","HERCULANO, JD",SUL,(11)5832-6643 / 5833-9946
UBS Horizonte Azul,"R. ALBERGATI CAPACELLI, 2200",HORIZONTE AZUL,SUL,(11)5517-3469
UBS VILA CARIOCA,"R. ANTONIO FREDERICO, 117","INDEPENDÊNCIA, VL",SUL,2273-9707
UBS REUNIDAS I,"R. SÃO JOSE DAS ESPINHARAS, 400","INDUSTRIAL, VL",SUL,2702-5904
UBS PARQUE ARARIBA,"R. FRANCISCO SOARES, 81","INGÁ, JD",SUL,(11) 5511-5573
UBS Jardim Marcelo,R Gastão Raul de Forton Bousquet 337,"IPÊ, JD",SUL,(11) 5825-8666
AMA /UBS Integrada São Vicente de Paula,"R. VICENTE DA COSTA, 289",IPIRANGA,SUL,(11) 2273-4592
CAPS AD II Sacoma,"Rua do Grito, 635",IPIRANGA,SUL,(11) 2296-0105
UBS OSWALDO MARASCA JUNIOR,"AV. DOM PEDRO I, 594",IPIRANGA,SUL,(11)2272-8619
UBS Jardim Iporã,"R. FORTE DE LADARIO, 61","IPORÃ, JD",SUL,5922-3053
UBS JOSE BARROS MAGALDI,Rua Salvador Cardoso 177,ITAIM BIBI,SUL,(11)3168-6571
AMA UBS INTEGRADA AMERICANOPOLIS,"Rua Cidade de Santos, 46",JABAQUARA,SUL,(11)5562-1476/5563-9463
HOSP MUN DR ARTHUR RIBEIRO SABOYA,"AV FRANCISCO DE PAULA QUINTANILHA RIBEIRO, 860",JABAQUARA,SUL,3394-8380
AMA UBS INTEGRADA VILA JOANIZA,"R. LUIS VIVES, 85","JOANIZA, VL",SUL,(11) 5622-0844
UBS Jordanopolis,"RUA JANGADA NOVA, 75",JORDANÓPOLIS,SUL,(11)5973-6400
UBS Jardim Kagohara,"RUA DOS TEMAS, 25","KAGOHARA, JD",SUL,(11)5898-5353
UBS Parque do Lago,"ESTR DA BARONESA, 1000","LAGO, PQ DO",SUL,5517-0045
UBS LARANJEIRAS,"RUA DENIS FURTEL, 108","LARANJEIRAS, JD DAS",SUL,(11)5673-6181
UBS ALTO DE PINHEIROS,Av Queiroz Filho 313,"LEOPOLDINA, VL",SUL,3022-7034
UBS Jardim Lidia,"R. GUTEMBERG JOSÉ FERREIRA, 50","LIDIA, JD",SUL,(11)5511-4428
"""UBS Luiz Ernesto Mazzoni ""","AV CARLOS LIVIERO, 566","LIVIERO, VL",SUL,(11)2331-9624
UBS Jardim Macedonia,"R. LOUIS BOULOGNE, 133","MACEDONIA, JD",SUL,5824-5520
UBS Jardim Magdalena,"R. VITORIANO PALHARES, 221","MAGDALENA, JD",SUL,5824-5347
UBS Jardim Maraca,"R. FERES BECHARA, 506","MARACÁ, JD",SUL,5874-4720
UBS Vila Marcelo,"R. AMADO BENEDITO VILAS BOAS , 616","MARCELO, VL",SUL,5979-8972
CRT - DST/AIDS,"RUA SANTA CRUZ, 81","MARIANA, VL",SUL,(11)(11)5087-9911
INSTITUTO DANTE PAZZANESE DE CARDIOLOGIA IDPC,AV DR DANTE PAZZANESE,"MARIANA, VL",SUL,(11) 5085-6257
UBS Marsilac,"ESTR ENGENHEIRO MARSILAC , 14487",MARSILAC,SUL,5975-2281
UBS Vila das Merces,"Rua N. Sra. das Mercês, 1315","MERCÊS, VL DAS",SUL,(11) 2946-1443
UBS Santa Luzia,"R. CONJUNTO DA PAZ, 39","MIRIAM, JD",SUL,(11) 2562-3532
AMA /UBS Integrada Jardim Mirna,"R. DR JUVENAL HUDSON FERREIRA, 13","MIRNA, JD",SUL,(11) 5526-5175
UBS Jardim Mitsutani,"R. FREI XISTO TEUBER, 50","MITSUTANI, JD",SUL,(11)5842-9292
UBS INDIANOPOLIS SIGMUND FREUD,"AV. INDIANÓPOLIS, 650",MOEMA,SUL,(11) 5054-2851
UBS Moinho Velho II,"Rua Belgrado, 323","MOINHO VELHO, VL",SUL,(11) 2274-1059
UBS Parque Imperial Manoel Antonio da Silva Saragoça,"AV CECI, 2249","MONTE ALEGRE, VL",SUL,(11)5581-0426
AMA UBS INTEGRADA VILA MORAES JOAO PAULO BOTELHO VIEIRA,"R. GIOVANNI DI BALDUCCIO, 250","MORAES, VL",SUL,(11) 5058-0891
AMA UBS Intagrada Vila Carmosina,"R. ILHA DO ARVOREDO, 10","MORGADO, VL",SUL,(11) 2521-6606
UBS ATUALPA GIRAO RABELO,"R. ILHA DO ARVOREDO, 10","MORGADO, VL",SUL,2963-2634
UBS Jardim Nakamura,"RUA MANOEL VITOR DE JESUS, 811","NAKAMURA, JD",SUL,(11)5898-5555
UBS Vila Natal,"AV. PROFª. MARTA MARIA BERNARDES, 246","NATAL, VL",SUL,5527-4071
UBS Jardim Niterói,"RUA SAMUEL ARNOLD, 596","NITERÓI, JD",SUL,(11)5611-0122
UBS V OLIMPIA -MAX PERLMAN,"R. JACQUES FELIX, 499","NOVA CONCEIÇÃO, VL",SUL,(11) 3842-4849/5146
UBS Jardim Novo Horizonte,"R. CARUANENSE, 186","NOVO HORIZONTE, JD",SUL,5938-2208
CAPS ADULTO III PARELHEIROS,"R Terezinha do Prado Oliveira, 100","NOVO PARELHEIROS, JD",SUL,5921-2484
UBS PARELHEIROS,"R. MARIO TRAPPE, 100","NOVO PARELHEIROS, JD",SUL,5921-4946/5920-8860
AMA UBS INTEGRADA PARQUE NOVO SANTO AMARO,"R. PORTA DO PRADO, 18","NOVO SANTO AMARO, PQ",SUL,(11) 5831-1448
UBS JARDIM OLINDA,"R. CANORI, 190","OLINDA, JD",SUL,5846-1788/5843-8861
UBS Jardim das Palmas,"R. FRANCISCO DE SALES, 10","PALMAS, JD DAS",SUL,
UBS Paraísopolis II,"R. PASQUALE GUALUPPI, 951",PARAISÓPOLIS,SUL,3501-9031
UBS Paraísopolis,"R. MELCHIOR GIOLA, 80","PARAISÓPOLIS, JD",SUL,(11)3744-5223
CAPS AD II V MARIANA,"AV. CECI, 2101",PLANALTO PAULISTA,SUL,(11)2275-3432
UBS Miltom Santos,"Av: Ceci, 2.249",PLANALTO PAULISTA,SUL,(11) 5581-0426
AMA UBS INTEGRADA VILA PREL ANTONIO BERNARDES DE OLIVEIRA,"R. TEREZA MAIA PINTO, 11","PREL, VL",SUL,(11) 5511-1630
UBS INTEGRAL JARDIM MIRIAM II,"AV. CUPECÊ, 5185","PRUDENCIA, JD",SUL,5622-6959
UBS REAL PARQUE PAULO MANGABEIRA ALBERNAZ FILHO,"Av. Barão do Melgaço, 339","REAL, PQ",SUL,(11) 3758-2329
UBS Recanto Campo Belo,"R. VIRGINIA MODESTO, 800",RECANTO CAMPO BELO,SUL,(11) 5926-2002
UBS PARQUE REGINA,"R. MELO COUTINHO, 260","REGINA, PQ",SUL,(11) 5816-5562/5561
UBS Jardim REPÚLICA,"AVN GONCALO DE PAIVA GOMES, 285","REPUBLICA, JD",SUL,(11)5663-5000
UBS VILA GUACURI CICERO SERGIO CAVALCANTE,"R. VALENTINO FIORAVANTE, 416","RUBILENE, JD",SUL,(11) 5674-0921
UBS SACOMÃ,"ESTRADA DAS LAGRIMAS, 1403",SACOMÃ,SUL,(11) 2273-3537
AMA UBS INTEGRADA CUPECE DR WALDOMIRO PREGNOLATTO,"Av: Santa Catarina, 1.523","SANTA CATARINA, VL",SUL,(11)5564-3079
UBS JARDIM SANTA FE,"R. CONDE DE LANCASTRE, 214","SANTA FÉ, JD",SUL,5921-9504
UBS Novo Jardim I,"R. PHILIPPE DE VITRY, 282","SANTA JOSEFINA, JD",SUL,(11)5892-2134
UBS Santa Lúcia,"R. CARMELO CALI, 26","SANTA LUCIA, VL",SUL,(11) 5898-5400/5833-0788
UBS Alcina Pimentel Piza,"ESTRADA DE ITAQUAQUECETUBA, 8855","SANTA TEREZA, JD",SUL,5974-2289
CAPS AD II SANTO AMARO,"R. BELA VISTA, 269",SANTO AMARO,SUL,(11)5523-3566/5522-4833
UBS SANTO AMARO DR SERGIO VILLACA BRAGA,"RUA CONDE DE ITU, 359",SANTO AMARO,SUL,(11)5687-3367
UBS Jardim Paranapanema,"R. PIETRO DA MILANO, 100","SANTO AMARO, VL",SUL,(11) 5833-4282
AMA/ UBS Integrada Parque Santo Antonio,"R. Manuel Bordalo Pinheiro, 100","SANTO ANTONIO, PQ",SUL,(11) 5511-4249
UBS Jardim Sao Bento,"RUA JOAO ROBALO, 64","SÃO BENTO, JD",SUL,(11)5873-2681
AE Sao Carlos,"R. MACABU, 35","SÃO CARLOS, JD",SUL,2557-7021/2553-0247
UBS Jardim Seckler,"RUA CARLOS MAURO, 114",SÃO JOÃO CLIMACO,SUL,(11)2946-8532
UBS Brasilia M'Boi Mirim,"Rua Maporé, 352","SÃO LUIZ, JD",SUL,5511-8717
UBS Novo Caminho,"R. ANTONIO DA MATA JUNIOR, 943","SÃO LUIZ, JD",SUL,5851-9026
UBS JD SAO PEDRO FRANCISCO ANTONIO CESARONI,"R. SILVIANOPOLIS, 370","SÃO PEDRO, JD",SUL,2557-8938
UBS AUTODROMO DR FAUZER SIMAO ABRAO,"RUA OSWALDO DINIZ, 51","SATELITE, JD",SUL,(11) 5925-4362
UBS J DA SAUDE NEUSA ROSALIA MORALES,"Rua Domingos de Rogatis, 187","SAÚDE, JD DA",SUL,(11)5062-9586
UBS JD SELMA,"RUA PEDRO FERNANDES ARAGAO, 305","SELMA, JD",SUL,(11)5611-6743
UBS Jd Silveira,"RUA BONIFACIO ASIOLI, 162",SILVEIRA,SUL,telefone não informado
UBS Jardim Sinhá,"RUA JIM CLARK, 10","SINHÁ, JD",SUL,(11)2722-6823
UBS Integral Vera Cruz,"AV. FUNCIONÁRIOS PÚBLICOS (REF.:R.PABLO BRUNA), 379","SOL, VL DO",SUL,(11)5898-5900
"""AMA UBS INTEGRADA VILA SONIA ""","R. ABRAÃO CALIL REZEK, 91","SONIA, VL",SUL,(11) 3744-2982/3742-9844
UBS Jardim Souza,"R. MARIA JOSÉ DE SOUZA, 190","SOUZA, JD",SUL,5514-6430
UBS Jardim Thomas,"R. AUDÁLIO GONÇALVES DOS SANTOS, 158","THOMAS, JD",SUL,5514-0345
UBS Jardim Tres Corações,"RUA GEN JOSE DE OLIVEIRA RAMOS, 275","TRES CORAÇÕES, JD",SUL,(11)5931-5969
UBS Alto do Umuarama,"R. ODEMIS, 468","UMUARAMA, JD",SUL,(11)5512-6614
UBS Vargem Grande,"R. DAS ARARAS, 49",VARGEM GRANDE,SUL,(11) 5921-2111
UBS Varginha,"R. HENRIQUE MUZZIO, 383","VARGINHA, JD",SUL,(11)5527-2709
UBS VELEIROS,"AVENIDA CLARA MANTELLI, 185 CEP 04771-180",VELEIROS,SUL,(11)56815520 (11)55236905
UBS V CONSTANCIA VICENTE OCTAVIO GUIDA,RUA HERMENEGILDO MARTINI S/Nº CEP 04438-280,VILA DO CASTELO,SUL,(11)5678-7444
UBS DR SERGIO CHADDAD,"AVENIDA CARLOS OBERHUBER, 659 CEP 04836-130",VILA SÃO JOSÉ,SUL,(11)59289529 E (11)59243636
CAPS III AD JD. SÃO LUIZ,"R. LUCIANO SILVA, 179 CEP 05841-000",VILA DAS BELEZAS,SUL,(11) 5851-9146
UBS VILA APARECIDA,"AVENIDA BATISTA MACIEL, 430",VILA PORTELA,SUL,(11)56129644 E (11)56122850
UBS JD UMUARAMA,"RUA ANTONIO GIL, 721 CEP 04655-000",VILA FILOMENA,SUL,(11)5566-1611
AMA/UBS VILA MISSIONARIA,"RUA RAINHA DAS MISSOES, 515 CEP 04430-010",VILA MISSIONARIA,SUL,(11) 5611-3439 E (11) 5612-4663