DRS,MUNICÍPIO,UNIDADE,ENDEREÇO,BAIRRO,TELEFONE
I,Caieiras,UBS NOVA ERA ROSIMEIRE CORREA DE CAMPOS,"AV ENG GINO DARTORA, 1010",JD NOVA ERA,(11) 4442-1556
I,Caieiras,UBS VERA TEREZA VEREADOR ANTONIO ROMERO POLLON,"ROD PRES TANCREDO DE ALMEIDA NEVES, s/n",JARDIM VERA TEREZA,(11) 4442-4122
I,Cajamar,UBS LEONTINA MARTINS FRANCA,"AVENIDA DOUTOR JOSE LUIZ LEME MACIEL, 179",PQ SÃO ROBERTO,(11) 4448-1750
I,Cajamar,USF MANOEL INACIO DA SILVA,"AVENIDA DAS JURUTIS, 385",PQ PARAÍSO,(11) 4448-1750
I,Francisco Morato,CIS Terezinha Marques da Silva,"RUA JOAO MENDES JUNIOR, 58",CENTRO,(11) 4488-2815
I,Franco da Rocha,"UBS ""Dr Franco da Rocha""","RUA NELSON RODRIGUES, S/N",CENTRO,(11) 4444-3899
I,MAIRIPORÃ,CAPS AD TEREZINHA MEDEIROS PINHO,RUA IPIRANGA - 399,CENTRO,(11) 4419-3790
I,Arujá,AMBULATORIO DE SAUDE MENTAL DE ARUJA,"RUA PRESTES MAIA, 76",VILA RIMAN,(11)4655-1272
I,Biritiba Mirim,ESF Cruz das Almas,Rua Euclides Da Cunha,Cruz Das Almas,(11) 4692-3720
I,Ferraz de Vasconcelos,Hospital Regional de Ferraz de Vasconcelos - Dr. Osíris Florindo Coelho,"RUA PRINCESA ISABEL, 270",VIL CORREIA,(11)4675-3444
I,Ferraz de Vasconcelos,UBS Santo Antonio,RUA GUARANI 581,VIL STO ANTONIO,(11) 4676-7696
I,FERRAZ DE VASCONCELOS,CAPS AD II FERRAZ DE VASCONCELOS,"RUA LUTÉCIA, 80",JARDIM DEYSE,(11) 4679-4624
I,FERRAZ DE VASCONCELOS,CENTRO DE ESPECIALIDADES PAPA JOAO PAULO II,"AV. BRASIL, 2159",(11) 4678-5846,(11) 4678-5846
I,GUARULHOS,UBS Agua Azul,"RUA CABO D ANTIBES, 131",AGUA AZUL,(11) 2436-6236
I,GUARULHOS,CAPS Bom Clima,"RUA RAPHAEL COLACIOPPO, 80",BOM CLIMA,(11) 2408-5415
I,GUARULHOS,UBS NOVA BONSUCESSO,"RUA TAPIRAMUTA, 237",BONSUCESSO,(11) 24532163
I,GUARULHOS,UBS CABUÇU,"RUA EXISTENTE, 18",CABUÇU,(11) 2404 4555 (11) 24036131
I,GUARULHOS,UBS SOIMCO,"RUA BARÃO DE MELGAÇO, 101",CID SOMICO,(11) 24833134
I,GUARULHOS,UBS Cummins,"RUA PLACIDO IVO DE MELLO, 68",CIDADE JARDIM CUMBICA,(11) 2446-1554
I,GUARULHOS,UBS CIDADE SERODIO,"AVENIDA COQUEIRAL, 111",CIDADE SERODIO,(11)2467-9598
I,GUARULHOS,UBS SOBERANA,"RUA JABOTICABAL,393",CIDADE SOBERANA,(11)22292289
I,GUARULHOS,UBS MARCOS FREIRE,"RUA DO PONTE, 200",CJ MARCOS FREIRE,(11) 24986837
I,GUARULHOS,UBS MORROS,"AV BRIGADEIRO FARIA LIMA, S/N CEP: 07190 - 000",COCAIA,(11) 2404 5444
I,GUARULHOS,UBS Cumbica,"RUA SEGUNDO TENENTE AVIADOR MARIO LUIZ FIGUEROA, 295",CUMBICA,(11) 2483-2079
I,GUARULHOS,UBS HAROLDO VELOSO,"RUA POCRANE, 79",HAROLDO POCRANE,(11) 24697006
I,GUARULHOS,UBS Itapegica,"AVENIDA ROTARY, 1453",ITAPEGICA,(11) 2408-6968
I,GUARULHOS,UBS JARDIM ACÁCIO,"AVENIDA SIVESTRE PIRES DE FREITAS, 2007",JD ACACIO,(11) 24921616 (11) 2492 1640
I,GUARULHOS,UBS Jardim Alamo,"RUA NICOLINA LAPENNA TURRI, 15",JD ALAMO,(11) 2438-4496
I,GUARULHOS,UBS ARACILIA,"RUA URUCUI, 398",JD ARACILIA,(11) 24801756
I,GUARULHOS,UBS BANANAL,"RUA MARTINICA, 220",JD BANANAL,(11) 22294535
I,GUARULHOS,UBS Cidade Martins,"RUA JAU, 190",JD BELA VISTA,(11) 2402-1767
I,GUARULHOS,UBS DONA LUIZA,"RUA CENTENARIO, 446",JD CENTENARIO,(11) 23034164
I,GUARULHOS,UBS Jovaia,"AVENIDA BRIGADEIRO FARIA LIMA, 1361",JD COCAIA,(11) 2401-4808
I,GUARULHOS,UBS JD CUMBICA II,"RUA SENA MADUREIRA, 1177",JD CUMBICA,(11) 24823667
I,GUARULHOS,UBS JD CUMBICA,"AV VENTUROSA, 240",JD CUMBICA,(11) 24819508
I,GUARULHOS,UBS PIMENTAS,"RUA JABOATÃO, 84 PÇ FELICIO ANTONIO ALVES",JD DOS PIMENTAS,(11) 24993050
I,GUARULHOS,UBS Flor da Montanha,"RUA EDUARDO, 311",JD FLOR DA MONTANHA,(11) 2459-1460
I,GUARULHOS,UBS Jardim Fortaleza,RUA HILARIO PIRES DE FREITAS. 166,JD FORTALEZA,(11) 2467-5360
I,GUARULHOS,UBS Jardim Jacy,"RUA SAO GERALDO DA PIEDADE, 45",JD JACY,(11) 2498-3142
I,GUARULHOS,UBS JARDIM MUNHOZ,"RUA PROF. JOSÉ MUNHOZ, 47 4",JD MUNHOZ,(11) 2425-3279
I,GUARULHOS,UBS Normandia,"ESTRADA DA AGUA CHATA, 979",JD NORMANDIA,(11) 2496-9008
I,GUARULHOS,UBS NOVA CIDADE,"RUA ANGELO ROBERTO ORSOMARSO, 146",JD NOVA CIDADE,(11) 24921517
I,GUARULHOS,UBS Jardim Palmira,"RUA JAIME DOS SANTOS AUGUSTO FILHO, 125",JD PALMIRA,(11) 2485-7077
I,GUARULHOS,UBS Jardim Paraventi,"RUA VILA LOBOS, 340",JD PARAVENTI,(11) 2443-1025
I,GUARULHOS,UBS JARDIM PAULISTA,"RUA ITAGUAÍ, S/N",JD PAULISTA,(11) 2458 04 77
I,GUARULHOS,UBS ALLAN KARDEC,"RUA IPACAETA, 51",JD PRES DUTRA,(11) 24867994
I,GUARULHOS,UBS PRESIDENTE DUTRA,"RUA NOVA YORK, 375",JD PRES DUTRA,(11) 24319526
I,GUARULHOS,UBS MARINÓPOLIS,"RUA MARINÓPOLIS, 546",JD PRESIDENTE DUTRA,(11) 24527046
I,GUARULHOS,UBS Jardim Rosa de Franca,"RUA WILSON SOUZA, 48",JD ROSA DE FRANC,(11)2455-3366
I,GUARULHOS,UBS VILA FÁTIMA,"RUA ESMERALDA, 25",JD SANTA BÁRBARA,(11) 2409-9112
I,GUARULHOS,UBS Santa Lidia,"RUA MARIO BEZERRA DE ESPINDOLA, 04",JD SANTA LIDIA,(11) 2492-8990
I,GUARULHOS,UBS SANTA PAULA,"RUA MARIA ROSA DE CAMPOS, 156",JD SANTA PAULA,(11) 24727007
I,GUARULHOS,UBS UIRAPURU,ESTRADA VELHA DE SÃO MIGUEL 992,JD STA HELENA,(11) 24121044
I,GUARULHOS,UBS Taboão,"RUA MARIA ELISA, 80",JD TAMASSIA,(11) 2402-9062
I,GUARULHOS,UBS TRANQUILIDADE,"AVENIDA EMILIO RIBAS, 1897",JD TRANQUILIDADE,(11) 2425-2799/ 24225245
I,GUARULHOS,UBS Sao Rafael,"RUA DOMINGOS DE ABREU, 216",JD VILA GALVAO,(11) 2304-6063
I,GUARULHOS,UBS JARDIM VILA GALVÃO,"RUA MARTIM AFONSO, 130",JD VILA GALVAO,(11) 24971334 / 2454 4317
I,GUARULHOS,UBS Lavras,"RUA SOUTO SOARES, 232",LAVRAS,(11)2467-5792
I,GUARULHOS,UBS NOVA CUMBICA,"RUA BAIXIO, 142",NOVA CUMBICA,(11) 24121510
I,GUARULHOS,UBS Novo Recreio,"RUA SANTINA, 543",NOVO RECREIO,(11) 2408-6962
I,GUARULHOS,UBS SANTO AFONSO,"RUA RONDONÓPOLIS, 161",PADRE SANTO AFONSO,24121330
I,GUARULHOS,UBS Ponte Alta,"RUA SAO PAULO, S/N",PONTE ALTA,(11)2439-8303
I,GUARULHOS,UBS Ponte Grande,"RUA OSWALDO AGOSTINHO, 17",PONTE GRANDE,(11)2421-0725
I,GUARULHOS,UBS PARQUE CECAP,"RUA MARIA DEL PILLAR MUNHOZ BONONATO, 78",PQ CECAP,(11) 24427095/(11) 24832984
I,GUARULHOS,UBS Continental,"RUA PESSEGUEIRO, 111",PQ CONTINENTAL I,(11) 2456-7946
I,GUARULHOS,UBS Cambara,"RUA ADOLFO VASCONCELOS NORONHA, 233",PQ CONTINENTAL III,(11) 2086-1059
I,GUARULHOS,Hospital Municipal Pimentas Bonsucesso,"RUA SAO JOSE DO PARAISO, 101",PQ DAS NACOES,(11) 2489-6610
I,GUARULHOS,UBS Jurema,"RUA PRIMEIRA CRUZ, 104",PQ DAS NACOES,(11)2484-4466
I,GUARULHOS,UBS JANDAIA,"RUA PORTO ALEGRE, 446",PQ JANDAIA,24995702
I,GUARULHOS,UBS BELVEDER,"ESTRADA MUNICIPAL, 475",PQ MIKAIL,(11) 24021877
I,GUARULHOS,UBS PIRATININGA,"RUA LANDRES SALES, 400",PQ PIRATININGA,(11) 46413029
I,GUARULHOS,UBS Jardim Primavera,"RUA GAMA, 72",PQ PRIMAVERA,(11)2492-1133
I,GUARULHOS,UBS BAMBI,"RUA GABRIELA GURGEL DE FREITAS, 284",PQ RESIDENCIAL BAMBI,(11) 2279-6689
I,GUARULHOS,UBS Santos Dumont,"RUA RAFAEL FERNANDES, 55",PQ SANTOS DUMONT,(11) 2466-6220
I,GUARULHOS,UBS Recreio Sao Jorge - Recreio Grande,"ESTRADA DAVID CORREA, 1766",RECREIO SAO JORGE,(11)2407-7353
I,GUARULHOS,UBS INOCOOP,RUA ELIAS DABARIAN. 310,RESIDENCIAL PARQUE C,(11) 2431-9940
I,GUARULHOS,UBS SÃO RICARDO,"RUA SOLDADO JAIR DA SILVA TAVARES, 04",SÃO RICARDO,(11) 24973909
I,GUARULHOS,CAPS AD Arnaldo Bravo Brant,"RUA JOAQUIM MIRANDA, 298",VL AUGUSTA,(11) 2422-0123
I,GUARULHOS,UBS CAPS OSORIO,"RUA CRUTAPERA, 167",VL AUGUSTA,(11) 24725496
I,GUARULHOS,UBS Vila Barros,"RUA CARLOS KORKISCHKO, 425",VL BARROS,(11) 2406-5823
I,GUARULHOS,UBS VILA CARMELA,"AV. SERRA DA MANTIQUEIRA, 585",VL CARMELA,(11) 24361949
I,GUARULHOS,CEMEG (Centro de Especialidades Médicas de Guarulhos),"RUA DONA ANTONIA, 987",VL DAS PALMEIRAS,(11) 2472-5490
I,GUARULHOS,UBS Dinamarca,"RUA ARAUCARIA, 277",VL DINAMARCA,(11) 2498-3148
I,GUARULHOS,UBS VILA GALVÃO,"RUA DONA EUGENIA MARIA DA SILVA, 354",VL GALVÃO,(11) 24971348/ 2404 0902
I,GUARULHOS,UBS ALVORADA,"AV SANTA HELENA, 145",VL PARAISO,(11) 24981510
I,GUARULHOS,UBS VILA RIO DE JANEIRO,"RUA LIONS, S/N",VL RIO DE JANEIRO,(11) 24562352
I,GUARULHOS,UBS CAVADAS,"RUA CAVADAS, 412",VL SÃO JOÃO,(11) 24252919 (11) 24255405
I,Mogi das Cruzes,HOSP MUN DE MOGI DAS CRUZES PREF WALDEMAR COSTA FILHO,"RUA GUTTERMANN, 577",BRAZ CUBAS,telefone não informado
I,Mogi das Cruzes,UBS Alto do Ipiranga,"RUA CAPITAO JOAQUIM DE MELO FREIRE, 700",ALTO DO IPIRANGA,(11) 4735-1314
I,Mogi das Cruzes,UBS Vila Suissa,"AV RICIERI JOSE MARCATTO, 310",CEZAR DE SOUZA,(11)4761-6678
I,Mogi das Cruzes,USF Chácara Guanabara,Rua São Paulo s/n,CHACARA GUANABARA,(11) 4798-6701
I,Mogi das Cruzes,USF Cocuera,"ESTRADA MOGI SALESOPOLIS, S/N",COCUERA,(11) 4792-2480
I,Mogi das Cruzes,USF Conjunto Toyama,"AV ENGENHEIRO MIGUEL GEMMA, s/n",CONJUNTO TOYAMA,(11) 4796-1182
I,Mogi das Cruzes,USF Jardim Layr,"Rua Aratimbo,168",JARDIM LAYR,(11) 4727-1644
I,Mogi das Cruzes,USF JARDIM AEROPORTO II SANTOS DUMONT,"RUA TONGA, 420",JD AEROPORTO II,(11)4723-2339
I,Mogi das Cruzes,USF QUATINGA,"Rua Antonio Rosendo de Lima, 353 CEP 08769-000",QUATINGA,(11) 4722-1081
I,Mogi das Cruzes,UBS Jardim Camila,"AV PRESIDENTE GETULIO VARGAS, 999",JD CAMILA,(11)4796-3578
I,Mogi das Cruzes,UBS Vila Nova Aparecida,"RUA ALOISIO DE AZEVEDO, 53",JD DAS BANDEIRAS,(11)4739-3170
I,Mogi das Cruzes,USF Piata,"RUA ARAPIRANGA, 600",JD PIATA,(11) 4645-1676
I,Mogi das Cruzes,PSF Jardim Planalto,"RUA BABACU, 50",JD PLANALTO,(11) 4724-8758
I,Mogi das Cruzes,UAPS II,"RUA FAUSTA DUARTE DE ARAUJO, 412",JD SANTISTA,(11) 4738-5876
I,Mogi das Cruzes,UBS Única,"RUA LUCINDA BASTOS, 1",JUNDIAPEBA,(11)47986933
I,Mogi das Cruzes,UBS Jardim Ivete,"AVENIDA PEDRO MACHADO, 1411",MOGI MODERNO,(11) 4726-4535
I,Mogi das Cruzes,USF Nove de Julho,"RUA GEORGINA SOARES DE SOUZA, s/n",NOVE DE JULHO,(11) 4721-7402
I,Mogi das Cruzes,USF Novo Horizonte,"RUA MAURICIO JOSE DE OLIVEIRA, 250",NOVO HORIZONTE,(11)4755-2762
I,Mogi das Cruzes,USF TABOÃO LAMBARI,ESTRADA TABOÃO LAMBARI 1110,TABOÃO LAMBARI,(11) 4794-9525
I,Mogi das Cruzes,UBS Taiaçupeba,"RUA AVELINO NUNES DE SOUZA, 135",TAIACUPEBA,(11)4240-0121
I,Mogi das Cruzes,UBS SANTO ANGELO,"Rua São Simão, 59 CEP 08763-240",SANTO ANGELO,(11) 4727-6778
I,Mogi das Cruzes,UBS Vila Moraes,"ESTRADA MOGIBERTIOGA, 540",VL MORAES,(11)4796-7018
I,Mogi das Cruzes,UBS Vila Natal,"RUA CORONEL CARDOSO DE SIQUEIRA, 2650",VL OLIVEIRA,(11)4796-8338
I,SALESÓPOLIS,CS II DE SALESÓPOLIS,"Praça João Menendes, 01 Centro CEP 08.970-000",CENTRO,11 4696 1861
I,SANTA ISABEL,UBS I PREFEITO ILARIO DASSIE,"RUA PREFEITO JOSE BASILIO ALVARENGA, 930 B",BROTAS,(11) 4656-2266
I,SANTA ISABEL,UBS II - Dr Francisco Pedreira Ribeiro,"AVENIDA BRASIL, 1202",CRUZEIRO,(11)4656-4824
I,SANTA ISABEL,ESF CACHOEIRA,VIA DAS CEREJAS S/N,CACHOEIRA,(11) 4680-2103
I,SANTA ISABEL,ESF Jardim Eldorado,"RUA DIRCE DE SOUZA MACHADO, 500 07500-000",JD ELDORADO,(11) 4658-3280
I,SANTA ISABEL,UBS III - Prefeito José Raymundo Lobo - Monte Negro,"ESTRADA DO MONTE NEGRO, S/N",MONTE NEGRO,(11) 4656-2904
I,SANTA ISABEL,ESF OURO FINO,"RUA DO COMÉRCIO ,1991",OURO FINO,(11) 4657-1175
I,SANTA ISABEL,ESF VILA GUILHERME,RUA JAPÃO 844,VL GUILHERME,(11) 4658-3504
I,SANTA ISABEL,ESF VILA NOVA,"RUA MAR CÁSPIO , 1",VL NOVA,(11) 4658-3283
I,Suzano,UBS PROFESSOR JOAO OLIMPIO NETO,"Rua Getulio Moreira de Souza, 837",Casa Branca,(11) 4747-9659
I,Suzano,UBS PREFEITO ALBERTO NUNES MARTINS,"AVENIDA PAULO PORTELA, 205 CEP 08675-230",JD PAULISTA,(11) 4748-4991
I,Suzano,UBSF Vereador Gregorio Bonifacio da Silva,"RUA NICACIO DA SILVA BASTOS, 75",PQ BUENOS AIRES,(11) 4744-7923
I,Suzano,USF MANUEL EVANGELISTA OLIVEIRA,"RUA TURQUIA, 501",JD SAO JOSE,(11) 4749-3791
I,SUZANO,UBS PALMEIRAS,"RUA CRISPIM ADELINO CARDOSO, 137",PALMEIRAS,(11) 47437578
I,Diadema,UBS Conceição,"RUA BOROROS, 80",CONCEICAO,(11) 4077-5452
I,Diadema,UBS Eldorado,"AV NOSSA SENHORA DOS NAVEGANTES, 288",ELDORADO,(11) 4043-5925
I,Diadema,UBS Jardim ABC,"RUA DAS AMEIXEIRAS, 679",JD ABC,(11) 4077-4090
I,Diadema,UBS Casa Grande,"RUA MEM DE SÁ, 280",JD CASA GRANDE,(11) 4066-3311
I,Diadema,UBS JARDIM CANHEMA SAUDE DA FAMILIA,"RUA 22 DE ABRIL, 113",JD CANHEMA,(11) 4071-1342
I,Diadema,UBS JARDIM PAINEIRAS SAUDE DA FAMILIA,"RUA JAVARI, CEP 09932-210",Jardim Paineiras,(11) 4091-5467
I,Diadema,UBS JARDIM DAS NACOES SAUDE DA FAMILIA,"RUA ITALIA, 290",JD DAS NACOES,(11) 4076-1758
I,Diadema,UBS Inamar,"RUA JOSE VICENTE, 122",JD INAMAR,(11) 4043-5918
I,Diadema,UBS Piraporinha,"PRACA RUI BARBOSA, 27",PIRAPORINHA,(11) 4067-2929
I,DIADEMA,UBS PQ REAL ( ANTIGO CHE GUEVARA),"RUA ODETE AMARAL DE OLIVEIRA, 129 CEP: 09990-155",PQ REAL,(11) 40566020
I,Diadema,UBS Reid,"RUA SERRA DE MARACUJA, 49",PQ REID,(11) 4043-1162
I,Diadema,UBS Serraria,Av Lico Maia nº803,SERRARIA,(11) 4044-2843
I,Diadema,UBS VILA SAO JOSE SAUDE DA FAMILIA,"RUA BARAO DE IGUAPE, 98",VL SAO JOSE,(11) 4071-1179
I,Diadema,UBS VILA PAULINA SAUDE DA FAMILIA,AVENIDA AFRANIO PEIXOTO 599 cep 09971-360,VILA PAULINA,(11) 4059-0660
I,Mauá,UBS DO JARDIM MAUA,"RUA JOAQUIM CHAVASCO, 71",JD MAUA,(11) 4578-5472
I,Mauá,UBS Capuava,"RUA DURVAL DE AQUINO, 120",JD CAPUAVA,(11) 4555-6164
I,Mauá,UBS Jardim Guapituba,"AVENIDA ROSA BONINI MARIANI, 204",JD GUAPITUBA,(11) 4555-3460
I,Mauá,UBS Cidade Kennedy,"RUA MARIO MILANEZZI, 539",JD KENNEDY,(11)4511-1607
I,Mauá,UBS Jardim Oratório,"RUA NATAL, 79",JD ORATORIO,(11) 4514-4111
I,Mauá,USF Jardim Primavera,"RUA DAS AZALEIAS, 24",JD PRIMAVERA,(11) 4513-1333
I,Mauá,UBS JARDIM SANTISTA,"RUA JANUARIO BOCCIA, 120",JD SANTISTA,(11) 4576-2210
I,Mauá,UBS Jardim Zaíra I,"AVENIDA LUIS GONZAGA DO AMARAL, 82",JD ZAIRA,(11) 4541-6084
I,Mauá,UBS Jardim Zaíra II,"AVENIDA PRESIDENTE CASTELO BRANCO, 1975",JD ZAIRA,(11) 4543-1692
I,Mauá,UBS Zaira III,"RUA JOAQUIM ALVES DE OLIVEIRA, 39",JD ZAIRA,(11) 4518-1602
I,Mauá,UBS Macuco,"RUA REMO LUIZ CORRADINI, 115",JD ZAIRA,(11) 4516-3567
I,Mauá,UBS Jardim Flórida,"RUA SAMUEL WAINER, 159",PQ DAS AMERICAS,(11) 4545-0967
I,Mauá,UBS Parque das Américas,"RUA AMERICA DO NORTE, 99",PQ DAS AMERICAS,(11) 4544-6163
I,Mauá,UBS Parque São Vicente,"RUA MARECHAL DEODORO DA FONSECA, 509",PQ SAO VICENTE,(11) 4555-8181
I,Mauá,UBS Feital,"RUA ALUIZIO DE AZEVEDO, 72",SITIO FEITAL,(11) 4577-5696
I,Mauá,CAPS AD Mauá,"RUA SANTO DUMONT, 59",VL BOCAINA,(11) 4516-3510
I,Mauá,UBS Vila Magini,"RUA DAVID BOSCARIOL, 38",VL MAGINI,(11) 4514-4283
I,Mauá,UBS Sao Joao,"AVENIDA BARAO DE MAUA, 4050",VL SAO JOAO,(11) 4576-6955
I,Rio Grande da Serra,USF Parque América,"Rua Dr Rui Trindade ,177",Pq América,(11) 4821-3878
I,Rio Grande da Serra,USF Santa Tereza,"Avenida Jean Lieutaud, 373 CEP: 09450-000",Santa Tereza,(11) 4820-1305
I,Santo André,CAPS III AD - NAPS,"RUA GERTRUDES DE LIMA, 488",CENTRO,(11) 4690-5294
I,Santo André,US CIDADE SÃO JORGE,"AV SAO PAULO, 800",CIDADE SAO JORGE,(11) 4978-3836
I,Santo André,USF JARDIM ITAPOAN ANA MARIA,"RUA OTAVIO MANGABEIRA, 331",JD ANA MARIA,(11) 44793396
I,Santo André,US JARDIM ALVORADA,Rua Almenor Jd Silveira S/N - Jardim Alvorada,JD ALVORADA,(11) 4435-1455
I,Santo André,USF JARDIM CARLA,"RUA JOSE DE ALENCAR, s/n",JD CARLA,(11) 4451-9933
I,Santo André,USF JARDIM CIPRESTE (antigo JARDIM IRENE II),"RUA CAMINHO DOS VIANAS, 300",JD CIPRESTE,(11) 4973-4791
I,Santo André,US JARDIM IRENE USF JARDIM IRENE,"ESTRADA DA CATA PRETA, 552",JD IRENE,(11) 4453-5781
I,Santo André,USF JARDIM SANTO ALBERTO,"RUA ALMADA, 745",JD SANTO ALBERTO,(11) 4475-8584
I,Santo André,USF JARDIM SANTO ANDRE,"RUA SETE, 1",JD SANTO ANDRE,(11) 4433-3058
I,Santo André,US DR MOYSES FUCS USF DR MOYSES FUCS,"RUA ALEXANDRETA, 180",JD SANTO ANTONIO,(11)4996-3406
I,Santo André,USF PARANAPIACABA,"AVENIDA FFORD, S/N",PARANAPIACABA,(11)4439-0010
I,Santo André,CENTRO DE SAUDE ESCOLA USF CS ESCOLA,"RUA IRLANDA, 700",PQ CAPUAVA,(11)4476-2787
I,Santo André,US PARQUE ANDREENSE USF PARQUE ANDREENSE,"RUA IBERTIOGA, s/n",PQ ANDREENSE,(11)4439-9022
I,Santo André,USF JDIM SOROCABA JOSE BARBOSA DA SILVA SEU ZEZINHO,"AV SOROCABA, 935",PQ JOÃO RAMALHO,(11)4479-1746
I,Santo André,UBS João Ramalho,"Rua Maragogipe, S/N",PQ JOÃO RAMALHO,(11) 4435-1450
I,Santo André,USF PARQUE MIAMI US PARQUE MIAMI,"ESTRADA DO PEDROSO, 5151",PQ MIAMI,(11)4453-7548
I,Santo André,AMBULATORIO DE ESPECIALIDADE DA FUABC,"AVN PRINCIPE DE GALES, 821",PRINCIPE DE GALES,(11)4993-5400
I,Santo André,USF Recreio da Borda do Campo,"AVENIDA MICO LEAO DOURADO, 2452",RECREIO BORDA CAMPO,(11)4457-2080
I,Santo André,USF Valparaiso,"RUA ANDRADINA, 471",VALPARAISO,(11)4427-9875
I,Santo André,US VILA GUIOMAR USF VILA GUIOMAR,"RUA DAS SILVEIRAS, 73",VL GUIOMAR,(11)4994-0835
I,Santo André,US VILA HELENA,"AV ANDRADE NEVES, 1086",VL HELENA,(11)4453-9687
I,Santo André,US VILA LINDA,"RUA INGA, 95",VL LINDA,(11)4451-9758
I,Santo André,US VILA LUZITA USF VILA LUZITA,"AV DOM PEDRO I, 4197",VL LUZITA,(11)4453-5755
I,Santo André,US UTINGA USF VILA METALURGICA,"ALAMEDA MEXICO, S/N",VL METALURGICA,(11)4976-1000
I,Santo André,US VILA PALMARES USF VILA PALMARES,"PRC AUREA, 234",VL PALMARES,(11)4421-6829
I,São Bernardo do Campo,UBS Areiao,"PASSAGEM AYRTON SENNA, 55",AREIAO,(11) 4103-9435
I,São Bernardo do Campo,Hospital Lacan,"AVENIDA JOSE ODORIZZI, 620",ASSUNCAO,(11)4353-5400
I,São Bernardo do Campo,UBS Alvarenga,"ESTRADA DOS ALVARENGAS, 1199",ASSUNCAO,(11) 2630-7650
I,São Bernardo do Campo,UBS Baeta Neves,"RUA GIACINTO TOGNATO, 1100",BAETA NEVES,(11) 4330-4773
I,São Bernardo do Campo,UBS Batistini,"RUA MANOEL CARNEIRO, 120",BATISTINI,(11) 4357-4893
I,São Bernardo do Campo,UBS Demarchi,Rua Albino Demarchi 131-,Demarchi,(11) 4347-8051/7058
i,São Bernardo do Campo,UBS Ferrazopolis,"AV FERNANDO FERRARI, 449",FERRAZOPOLIS,(11) 4338-3002
I,São Bernardo do Campo,UBS FINCO,"RUA FORTUNATO BENEVONUTO FINCO, 151",FINCO,(11) 4354-9118
I,São Bernardo do Campo,UBS JARDIM DAS OLIVEIRAS,"ESTRADA DA CAMA PATENTE, 1702",JD DAS OLIVEIRAS,(11)4101-7163
I,São Bernardo do Campo,UBS IPÊ,"RUA LAGO DA MANGUEIRA, 329",JD DO LAGO,(11) 4342-3199
I,São Bernardo do Campo,UBS Farina,"RUA MARIA JOSEFA MENDES, 15",JD FARINA,(11) 4125-4534
I,São Bernardo do Campo,UBS Leblon,"RUA ABRAMO LUCHESI, 5",JD LEBLON,(11) 4127-5406
I,São Bernardo do Campo,UBS Nazareth,"RUA JOAO XXIII, 380",JD NAZARETH,(11) 4343-4166
I,São Bernardo do Campo,UBS Silvina,"RUA MARQUES DE BARBACENA, 85",JD SILVINA,(11) 4339-1118
I,São Bernardo do Campo,UBS MONTANHAO,"ESTRADA DO MONTANHAO, 413",MONTANHAO,(11) 4335-7969
I,São Bernardo do Campo,UBS Orquídeas,"Estrada Poney Clube ,1400",Orquídeas,(11)4342-6224/4358-1617
I,São Bernardo do Campo,UBS Pauliceia,"UBS Pauliceia Rua Miragaia,834",Paulicéia,(11)4358-4966/4361-6959
I,São Bernardo do Campo,UBS Planalto - Dr. Jose Maria Coura,Rua oragnof 480,Planalto,(11)4393-0262/4341-4347
I,São Bernardo do Campo,ESF Parque Sao Bernardo,"RUA DOS VIANAS, 3570",PQ SAO BERNARDO,(11) 4121-5034
I,São Bernardo do Campo,UBS Vila Dayse,"Rua Vicente de Carvalho,255",PQ São Diogo,(11)4121-2318/3250
I,São Bernardo do Campo,UBS Selecta,"RUA OSWALDO STUCHI, s/n",PQ SELECTA,(11)4127-2518
I,São Bernardo do Campo,UBS Represa,Rua Irati 10-,Represa,(11)4357-1744/4358-5718
I,São Bernardo do Campo,UBS Riacho Grande,"RUA SANTA MARIA, 20",RIACHO GRANDE,(11) 4354-0321
I,São Bernardo do Campo,Centro Regional de Especialidades Rudge Ramos,RUA UBERABA s/n,RUDGE RAMOS,(11) 2630-6370
I,São Bernardo do Campo,UBS Rudge Ramos,"Rua Angela Tomé, 246 -",Rudge Ramos,(11)4367-4194/4177-4103
I,São Bernardo do Campo,UBS Santa Terezinha,"RUA DOIS DE OUTUBRO, 175",SANTA TEREZINHA,(11) 4335-1788
I,São Bernardo do Campo,UBS Taboao,"Av do Taboão,4099",Taboão,(11)4173-2390/4363-2959
I,São Bernardo do Campo,UBS Alves Dias,"Rua Alexandre Bonício,133",Vl Alves Dias,(11)4351-5173
I,São Bernardo do Campo,Ambulatório Integrado Pneumologia e Imunologia (AIPI) (Centro de Ref. Doenças Respiratórias),"RUA VICENTE DE CARVALHO, 255",VL DAYSE,telefone não informado
I,São Bernardo do Campo,UBS Caminho do Mar ( antiga Mussolini),"Rua Aura,79",Vl Caminho do Mar,(11) 4362-2739
I,São Bernardo do Campo,UBS Vila Euclides,"RUA ANUNCIATA GOBBI, 165",VL EUCLIDES,telefone não informado
I,São Bernardo do Campo,UBS Jordanopolis,"Rua Oswaldo Cruz, 120 -",Vl Jordanópolis,(11)4178-9949/4658
I,São Bernardo do Campo,UBS Vila Marchi,"Rua Nestor Moreira,480",VL Marchi,(11) 4109-4791/4351-5534
I,São Bernardo do Campo,UBS Vila Rosa,"AV ROSA AIZEMBERG, 613",VL ROSA,(11) 4343-7727
I,São Bernardo do Campo,UBS SAO PEDRO,"RUA DA COMUNIDADE, 100",VL SAO PEDRO,(11) 4335-0955
I,São Bernardo do Campo,UBS Santa Cruz,"Rua Hugo Vieira Pinto, 423 --",Vl sta cruz,(11) 4357-4826
I,São Bernardo do Campo,UBS Uniao,"RUA DOS INDUSTRIARIOS, 17",VL UNIAO,(11) 4358-1621
I,São Caetano do Sul,UBS Ivanhoe Esposito,"Rua Flórida, 295 CEP: 09581-210",BARCELONA,(11) 4224-1554
I,São Caetano do Sul,UBS DR ANGELO ANTENOR ZAMBOM,"RUA VANDA, 11 CEP 09572-070",BOA VISTA,(11) 4233-7536
I,São Caetano do Sul,CAPS AD JORDANO PEDRO SEGUNDO VINCENZI,"RUA SANTO ANTONIO, 117",CENTRO,(11) 4227-3503
I,SÃO CAETANO DO SUL,UBS Darcy Sarmanho Vargas,"Rua General Estilac Leal, 58 CEP 09572-070",Mauá,(11) 4232-0420
I,São Caetano do Sul,UBS MARIA CORBETA SEGATTO,"Avenida Prosperidade, 670 CEP 09550-700",MAUÁ,(11) 4233-7543
I,São Caetano do Sul,UBS Nair Spina Benedictis,"Rua Oswaldo Cruz, 1153 CEP:09572-401",OSVALDO CRUZ,(11) 1423-2127
I,São Caetano do Sul,UBS Dolores Massei,"Rua Senador Fláquer, 134 CEP: 09581-210",SAO JOSE,(11) 4238-8322
I,Cotia,CAPS AD DR JOAO OLAVO DO CANTO NETO,"RUA ADOLFO EUGENIO BARSOTINE, 140",VL SANTO ANTONIO D,(11)4616-3889
I,Embu - Guaçú,USF CENTRO II FARMACEUTICO SERGIO MATSUMURA,RUA CLOTILDE LOURO ALTURA DO NUMERO 230,CENTRO,(11)4661-1523
I,Itapecerica da Serra,CAPS AD Dra Maria José de Albuquerque,"RUA ARARAQUARA, 208",JD EMBU MIRIM,(11)4667-3600
I,Itapecerica da Serra,Centro de Especialidades Municipal - CEM,"AV XV DE NOVEMBRO, 428",CENTRO,(11) 4667-7965
I,JUQUITIBA,UBS BARNABES,Av. Antonio Soares Godinho 04 cep: 06950-000,Barnabés,(11) 4787-8558
I,JUQUITIBA,UBS Palmeiras,"RUA INACIO VIEIRA PINTO, 29",Palmeiras,(11) 4683-1992
I,JUQUITIBA,UBS Jardim das Palmeiras,"RUA JASMIM, 323",Jardim das Palmeiras,(11) 4683-1999
I,JUQUITIBA,UBS Padeiros,"ESTRADA MARTHA MARIA DE JESUS, 826",Padeiros,(11) 4682-1007
I,JUQUITIBA,UBS Centro,AV TANCREDO DE ALMEIDA NEVES 252 CEP 06950-000,Centro,(11) 4682-1363
I,JUQUITIBA,USF Conceição,RUA ANTONIO PEREIRA BRANCO 75 CEP 06950-000,Conceição,(11) 4682-1023
I,Taboão da Serra,CAPS AD,Av Intercap nº 325-Intercap-Taboão da Serra,Intercap,(11)4139-5495
I,Taboão da Serra,Centro de Referencia da Saude da Mulher,"RUA JOAQUIM FAUSTINO DE CAMARGO, 140 JARDIM SAO PAULO",JD SAO PAULO,(11)4685-8352
I,Taboão da Serra,UBS Jardim das Margaridas,"RUA PAULO AUGUSTO DE ANDRADE, 400 JAD DAS MARGARIDAS",JD DAS MARGARIDAS,(11)4787-3522
I,Taboão da Serra,UBS Jardim Suina,"RUA ALBANO LEITE DA FONSECA, 111 JARDIM SUINA",JD SUINA,
I,Osasco,Policlínica Dr João Domingos Correa,"RUA DA SAUDADE, 100",BELA VISTA,(11) 3654-3090
I,Barueri,CRAD/ CAPS AD,"AVENIDA TRINDADE, 437 BETHAVILLE",CENTRO COMERCIAL,(11) 4706-4712
I,Barueri,UBS Amaro José de Souza,"Rua Petrolina,178 Jd Mutinga",BETHAVILLE,(11)4199-3170
I,Barueri,UBS Armando Gonçalves de Freitas,"Rua Padre Cícero Romão Batista,271",PQ Imperial,(11)4199-3163
I,Barueri,UBS Helio Berzaghi,"Av Marginal Direita,486",JD Paulista,(11) 4199-3149
I,Barueri,UBS Pedro Izzo,"Rua Everest,26",JD Esperança,(11)4161-6266/9111
I,SANTANA DE PARNAIBA,UBS LIMEIRO CARDOSO BORCHAT,"RUA ESPACIAL, 95 06528-088",120 - CHACARA SOLAR III,(11) 4756-5707
I,SANTANA DE PARNAIBA,UBS ALPHAVILLE,"AL MIRÓ, 58 06539-320",ALPHAVILLE,(11) 4622- 8850
I,SANTANA DE PARNAIBA,UBS ALVARO RIBEIRO,"RUA CEL RAIMUNDO, 90 06501-010",CENTRO,(11) 5622-8000
I,SANTANA DE PARNAIBA,USA SÃO PEDRO,"RUA DO GAVIÃO, 289 06535-165",CIDADE SAO PEDRO,(11) 4156-8710
I,SANTANA DE PARNAIBA,UBS COLINAS DA ANHANGUERA,"RUA OSWALDO GOELDI, 334 06537-160",COLINAS DA ANHANGUER,(11) 4154-2608
I,SANTANA DE PARNAIBA,USA FAZENDINHA,"AV TENENTE MARQUES, 5421 07790-500",FAZENDINHA,(11) 4154-4328
I,SANTANA DE PARNAIBA,UBS JAGUARI,"ESTR LOURENÇO SALVADOR, 1840 06533-001",JAGUARI,(11) 4156-3561
I,SANTANA DE PARNAIBA,USA PQ SANTANA,"RUA SOLDADO PAULO SERGIO ROMÃO, 15 06515-006",PQ SANTANA II,(11) 4151-9148
I,SANTANA DE PARNAIBA,Caps Ad Travessia,"ESTRADA DO SURU, 03",VOTUPARIM,(11)4154-4328